conceptUri,skillType,reuseLevel,preferredLabel,altLabels,hiddenLabels,status,modifiedDate,scopeNote,definition,inScheme,description
http://data.europa.eu/esco/skill/00b9a3aa-7070-4bb5-8020-f228a97cf42f,skill/competence,cross-sector,draft scientific or academic papers and technical documentation,"create technical documentation
create technical documentation and academic writings
write technical documentation
write scientific and academic papers",,released,2024-02-27T10:19:54.09Z,,,"http://data.europa.eu/esco/concept-scheme/skills,
http://data.europa.eu/esco/concept-scheme/member-skills,
http://data.europa.eu/esco/concept-scheme/research","Draft and edit scientific, academic or technical texts on different subjects."
http://data.europa.eu/esco/skill/00dd3271-077f-4a12-a958-e297fdd724ce,skill/competence,sector-specific,operate agricultural machinery,"operating farm machinery
operating motorised farm machinery
operate farm machinery
operate motorised agricultural machinery
agricultural machinery operating
operating motorised agricultural machinery
farm machinery operating
motorised farm machinery operating
motorised agricultural machinery operating",,released,2023-11-30T15:33:40.16Z,,,"http://data.europa.eu/esco/concept-scheme/skills,
http://data.europa.eu/esco/concept-scheme/member-skills","Operate motorised agricultural equipment including tractors, balers, sprayers, ploughs, mowers, combines, earthmoving equipment, trucks, and irrigation equipment."
http://data.europa.eu/esco/skill/01755f08-4df4-4cf0-8d22-08f94cad68b5,skill/competence,cross-sector,organise labour,"worker organising
organise workers
organize labor
organising labour
workers organising
labour organising
organising workers",,released,2016-12-20T17:23:17Z,,,"http://data.europa.eu/esco/concept-scheme/skills,
http://data.europa.eu/esco/concept-scheme/member-skills","Organise, allocate and coordinate members of the team. Organise production programmes and plan the production and sales. Purchase materials and equipment. Manage stocks."
http://data.europa.eu/esco/skill/02053349-bc3a-4945-bcf7-33d2136c14d5,skill/competence,sector-specific,control tree diseases,"diseased tree removing
tree disease controlling
remove diseased trees
diseased trees removing",,released,2023-11-30T16:42:01.296Z,,,"http://data.europa.eu/esco/concept-scheme/skills,
http://data.europa.eu/esco/concept-scheme/member-skills",Identify diseased or undesirable trees. Remove them using power saws or hand saws.
http://data.europa.eu/esco/skill/0302f93a-0d38-4c00-bc37-eda17b6316ea,knowledge,sector-specific,biosecurity related to animals,"bio-security related to animals
biosecurity related to an animal
biosecurity measures when working with animals
awareness of hygiene and security measures related to animals",,released,2024-02-09T17:29:09.851Z,,,"http://data.europa.eu/esco/concept-scheme/skills,
http://data.europa.eu/esco/concept-scheme/member-skills","Awareness of hygiene and bio-security measures when working with animals, including causes, transmission and prevention of diseases and use of policies, materials and equipment."
http://data.europa.eu/esco/skill/05dbdec3-c9d0-4f15-91ad-0700475a0f75,skill/competence,occupation-specific,assess environmental influences on bovine feet,"assessing environmental influences on bovine feet
assess influence of environment on bovine feet
evaluating influence of environment on bovine feet
assessing influence of environment on bovine feet
environmental influences on bovine feet evaluating
environmental influences on bovine feet assessing
evaluate environmental influences on bovine feet
evaluating environmental influences on bovine feet
evaluate influence of environment on bovine feet",,released,2025-07-25T08:55:01.796Z,,,"http://data.europa.eu/esco/concept-scheme/skills,
http://data.europa.eu/esco/concept-scheme/green,
http://data.europa.eu/esco/concept-scheme/member-skills","Assess the environment and how it can influence the health of the bovine foot. Environmental factors include diet, housing, and exposure to the environment."
http://data.europa.eu/esco/skill/05fe02a3-5d4c-4bf0-97ed-f57ae00e8aa7,skill/competence,sector-specific,handle bulk transfer of raw material,"handle the bulk transfer of raw material
administer bulk transfer of raw material
utilise bulk transfer of raw material
employ bulk transfer of raw material
use bulk transfer of raw material
handle the bulk transfer of raw materials
handle bulk transfers of raw material",,released,2024-02-09T17:29:16.725Z,,,"http://data.europa.eu/esco/concept-scheme/skills,
http://data.europa.eu/esco/concept-scheme/member-skills","Transfer dry raw materials using suitable mechanical handling systems like screw feeders, or using gravity or pneumatic means."
http://data.europa.eu/esco/skill/0612b3e9-5515-4233-af5e-07191b03c4ba,skill/competence,sector-specific,monitor crops,"crop checking
check crop growth
crop growth checking
crop growth monitoring
monitor crop growth
checking crops
monitoring crop growth
checking crop growth
monitoring crops
check crops
crop monitoring",,released,2024-02-09T17:29:12.215Z,,,"http://data.europa.eu/esco/concept-scheme/skills,
http://data.europa.eu/esco/concept-scheme/member-skills","Monitor the growth of the crops to ensure the crops are free from diseases, harmful chemicals and organisms."
http://data.europa.eu/esco/skill/064565c0-4a4c-4a1f-b014-09227ffd5a9f,skill/competence,cross-sector,load animals for transportation,"load and unload animals for transportation
load animals for transportation in transport vehicle
load animal
load and unload animal for transportation
load animals
load animals in transport vehicle
load animals safely",,released,2024-02-09T17:29:10.678Z,,,"http://data.europa.eu/esco/concept-scheme/skills,
http://data.europa.eu/esco/concept-scheme/member-skills",Load and unload animals safely into containers or cages for transportation. Make sure they are secure and safely established in the transport vehicle.
http://data.europa.eu/esco/skill/06b1f593-ac31-42ba-a2cd-5d86c755b416,skill/competence,sector-specific,harvest grapes,"gather grapes
harvesting grapes
grape harvesting
grape gathering
grapes harvesting
grapes gathering
gathering grapes",,released,2024-02-09T17:29:15.968Z,,,"http://data.europa.eu/esco/concept-scheme/skills,
http://data.europa.eu/esco/concept-scheme/member-skills",Harvest wine grapes.
http://data.europa.eu/esco/skill/072f35a1-98e7-4a6c-9a19-474ace5644da,skill/competence,sector-specific,cultivate crops for biomass,"cultivating crops for biomass
crops growing for bio-mass
grow crops for biomass
crops cultivating for biomass
crop cultivating for biomass
crops growing for biomass
crop cultivating for bio-mass
crop growing for biomass
crop growing for bio-mass
growing crops for bio-mass
cultivating crops for bio-mass
crops cultivating for bio-mass
cultivate crops for bio-mass
grow crops for bio-mass
growing crops for biomass",,released,2025-02-27T12:45:08.961Z,,,"http://data.europa.eu/esco/concept-scheme/skills,
http://data.europa.eu/esco/concept-scheme/green,
http://data.europa.eu/esco/concept-scheme/member-skills","Carry out the cultivation of crops for bio-mass, process of crops for bio-mass."
http://data.europa.eu/esco/skill/074dd1d8-2ae6-494b-9ca9-43772643174b,skill/competence,occupation-specific,manage technical aspects of vineyard production,"technical aspects of vineyard production process managing
managing technical aspects of vineyard production process
control technical aspects of vineyard production
technical aspects of vineyard production controlling
controlling technical aspects of vineyard production
managing technical aspects of vineyard production
controlling technical aspects of vineyard production process
control technical aspects of vineyard production process
manage technical aspects of vineyard production process
technical aspects of vineyard production managing
technical aspects of vineyard production process controlling",,released,2024-02-09T17:29:11.47Z,,,"http://data.europa.eu/esco/concept-scheme/skills,
http://data.europa.eu/esco/concept-scheme/member-skills",Control the whole production process in teræs of quantity and quality. Decide about new pratices in vineyard and winery by using internal information and consultation processus.
http://data.europa.eu/esco/skill/07846f2f-e182-4f94-a7c7-9fd2865c0dde,skill/competence,occupation-specific,insert semen,"artificially inseminate animals
inserting animal semen
inseminate animals
animal semen inserting
animal inseminating
insert animal semen
semen inserting
inseminating animals
animal inseminating artificially
artificially inseminating animals",,released,2024-02-09T17:29:12.952Z,,,"http://data.europa.eu/esco/concept-scheme/skills,
http://data.europa.eu/esco/concept-scheme/member-skills",Confirm observation of animals in heat to detect the approach of oestrus or comply with the synchronisation protocol. Insert the semen into the genital tract of the female animal using appropriate equipment and technique for species.
http://data.europa.eu/esco/skill/07862bb1-835a-4f14-9245-17717dc550a8,knowledge,sector-specific,technical equipment for crop production,"maintenance regime for technical equipment for crop production
methods of adjusting technical installations for crop production
servicing requirements for technical equipment for crop production
servicing requirements for technical installations crop production equipment
methods of adjusting technical equipment for crop production",,released,2024-02-09T17:29:15.235Z,,,"http://data.europa.eu/esco/concept-scheme/skills,
http://data.europa.eu/esco/concept-scheme/member-skills","Methods for service, maintaining and adjusting of technical equipment, machines and instatallations used for crop production."
http://data.europa.eu/esco/skill/078e6210-224d-4331-9c8e-f881259b6bb0,knowledge,sector-specific,safe use of pesticides,"safe application of pesticides
safe use of pesticide
insure pesticides are used safely
safe pesticides use",,released,2025-07-25T11:15:00.857Z,,,"http://data.europa.eu/esco/concept-scheme/skills,
http://data.europa.eu/esco/concept-scheme/member-skills","Precautions and regulations concerning the transport, storage and handling of chemical substances that exterminate pests."
http://data.europa.eu/esco/skill/081d7679-5070-4777-bece-a28c49f15636,knowledge,cross-sector,environmental policy,"national environmental protection policy
international environmental protection policy
national environmental policy
local environmental policy
international environmental policy
local environmental protection policy
environmental sustainability policy",,released,2025-02-27T12:45:08.961Z,,,"http://data.europa.eu/esco/concept-scheme/skills,
http://data.europa.eu/esco/concept-scheme/green,
http://data.europa.eu/esco/concept-scheme/member-skills","Local, national and international policies dealing with the promotion of environmental sustainability and the development of projects which reduce negative environmental impact and improve the state of the environment."
http://data.europa.eu/esco/skill/08881cb7-5331-4b11-9442-4d7c9fce749e,skill/competence,sector-specific,perform pest control,"performing pest control spraying
undertaking pest control spraying
undertaking pest control
performing pest control
pest control spraying performing
undertake pest control spraying
pest control spraying undertaking
pest control undertaking
perform pest control spraying
undertake pest control
pest control performing",,released,2024-02-09T17:29:16.725Z,Working with pesticides may require a special certificate in some countries and reording the data about the usage of pesticdes.,,"http://data.europa.eu/esco/concept-scheme/skills,
http://data.europa.eu/esco/concept-scheme/member-skills",Carry out crop spraying pest and disease operations in line with National industry and customer requirements. Carry out slurry and fertiliser spreading in accordance with local environmental regulations.
http://data.europa.eu/esco/skill/089ee650-297e-4716-87d1-440743b70a0d,skill/competence,cross-sector,ensure compliance with environmental legislation,"ensure compliance with environmental regulations
ensuring environmental legislation compliance
ensure environmental legislation compliance
ensuring compliance with environmental legislation
check compliance with environmental laws
ensuring of compliance with environmental legislation
lead implementation of environmental legislation
lead implementation of environmental policies and legislation
checking compliance with environmental laws",,released,2024-02-09T17:29:16.725Z,,,"http://data.europa.eu/esco/concept-scheme/skills,
http://data.europa.eu/esco/concept-scheme/green,
http://data.europa.eu/esco/concept-scheme/member-skills","Monitor activities and perform tasks ensuring compliance with standards involving environmental protection and sustainability, and amend activities in the case of changes in environmental legislation. Ensure that the processes are compliant with environment regulations and best practices."
http://data.europa.eu/esco/skill/08b04e53-ed25-41a2-9f90-0b9cd939ba3d,skill/competence,cross-sector,manage research data,"oversee scientific data
handle research data
administer research data",,released,2024-03-01T11:59:56.801Z,,,"http://data.europa.eu/esco/concept-scheme/skills,
http://data.europa.eu/esco/concept-scheme/member-skills,
http://data.europa.eu/esco/concept-scheme/research,
http://data.europa.eu/esco/concept-scheme/6c930acd-c104-4ece-acf7-f44fd7333036",Produce and analyse scientific data originating from qualitative and quantitative research methods. Store and maintain the data in research databases. Support the re-use of scientific data and be familiar with open data management principles.
http://data.europa.eu/esco/skill/08dede9c-570a-462a-931a-481aef87fd6d,knowledge,sector-specific,livestock reproduction,"methods in livestock breeding
techniques in livestock reproduction
techniques in livestock breeding
procedures in livestock reproduction
legislation in livestock breeding
procedures in livestock breeding
legislation in livestock reproduction
methods in livestock reproduction",,released,2025-02-27T12:45:08.961Z,,,"http://data.europa.eu/esco/concept-scheme/skills,
http://data.europa.eu/esco/concept-scheme/member-skills","The natural and artificial reproduction techniques, gestation periods and birthing for livestock."
http://data.europa.eu/esco/skill/0990d0a7-63f7-4550-bd8e-8c20c17353f2,skill/competence,sector-specific,tend wine manufacturing machines,"take care of wine manufacturing machines
mind wine manufacturing machines
look after wine manufacturing machines
watch wine manufacturing machines
tend a wine manufacturing machine
tend wine manufacturing machinery",,released,2025-02-27T12:45:08.961Z,,,"http://data.europa.eu/esco/concept-scheme/skills,
http://data.europa.eu/esco/concept-scheme/member-skills","Tend machinery, appliances, and special equipment designed for the production and the manufacturing of wine. Make maintenance and implement preventive actions to the machinery in order to ensure operability."
http://data.europa.eu/esco/skill/0ae3af47-dc33-4cb0-a2a3-01c6a5bcd968,skill/competence,sector-specific,maintain plants' growth,"plants nurturing
nurturing plant
nurture plant
maintaining growth of plant
maintain growth of plant
plant nurturing
maintaining plants' growth
nurture plants
nurturing plants
plants' growth maintaining",,released,2024-02-09T17:29:15.235Z,,,"http://data.europa.eu/esco/concept-scheme/skills,
http://data.europa.eu/esco/concept-scheme/member-skills","Support growth, appearance and intended purpose of the plants."
http://data.europa.eu/esco/skill/0b2701ed-e85a-4d02-a68b-ef5c695f785a,skill/competence,sector-specific,use firearms,"work with firearms
utilize firearms
using firearms
use firearm",,released,2024-02-09T17:29:09.009Z,,,"http://data.europa.eu/esco/concept-scheme/skills,
http://data.europa.eu/esco/concept-scheme/member-skills","Shoot one or several types of firearm being aware of safe handling techniques, aim of the firearm and the fire."
http://data.europa.eu/esco/skill/0b34dd9f-bcb2-4bd0-9aaa-e88421cdf288,skill/competence,occupation-specific,apply health and safety when picking,"apply health and safety precautions when picking
implement health and safety precautions when picking
health and safety applying when picking
implementing health and safety when picking
health and safety implementing when picking
implementing health and safety precautions when picking
applying health and safety when picking
applying health and safety precautions when picking
implement health and safety when picking",,released,2024-02-09T17:29:10.678Z,,,"http://data.europa.eu/esco/concept-scheme/skills,
http://data.europa.eu/esco/concept-scheme/member-skills","Take the necessary health and safety precautions when picking: posture your body well, safely operate tools and machinery, and wear the right clothes and protection for the climate."
http://data.europa.eu/esco/skill/0b917c3e-e49f-40d9-8f95-3bc8e9c06fd2,skill/competence,cross-sector,perform laboratory tests,"laboratory testing
engage in laboratory tests
performing laboratory tests
carry out laboratory tests
conduct laboratory tests",,released,2024-02-09T17:29:14.494Z,,,"http://data.europa.eu/esco/concept-scheme/skills,
http://data.europa.eu/esco/concept-scheme/member-skills",Carry out tests in a laboratory to produce reliable and precise data to support scientific research and product testing.
http://data.europa.eu/esco/skill/0cfc7eb9-2891-4153-b335-6331f381ff05,skill/competence,sector-specific,communicate health and safety measures,"communicate measures on health and safety
communicate about health and safety measures
inform about health and safety standards
provide information on health and safety",,released,2024-02-09T17:29:14.494Z,,,"http://data.europa.eu/esco/concept-scheme/skills,
http://data.europa.eu/esco/concept-scheme/member-skills","Inform about applicable rules, guidelines and measures to avoid accidents and hazards in the workplace."
http://data.europa.eu/esco/skill/0d69dcea-0d40-4e66-988d-b8e64d81ec76,skill/competence,sector-specific,train horses,"training equines
horse training
training horses
harness and train horses
dress and train equines
equine training",,released,2024-02-09T17:29:12.952Z,,,"http://data.europa.eu/esco/concept-scheme/skills,
http://data.europa.eu/esco/concept-scheme/member-skills","Harness, dress and train horses as per the instructions provided. Take into account the age and breed of the horse and the preparation purposes."
http://data.europa.eu/esco/skill/0e355580-bd4a-465a-8058-92984623070e,skill/competence,cross-sector,work in outdoor conditions,"work in bad weather
working in bad weather
coping with work in bad weather
working outdoors
working outdoors in adverse weather conditions
cope with work in bad weather
work outdoors in adverse weather conditions
working in outdoor conditions",,released,2024-02-09T17:29:16.725Z,,,"http://data.europa.eu/esco/concept-scheme/skills,
http://data.europa.eu/esco/concept-scheme/member-skills","Can cope with the different climate conditions such as heat, rain, cold or in strong wind."
http://data.europa.eu/esco/skill/0e531bd6-7997-43c0-b042-7cec951e6ada,skill/competence,sector-specific,develop agricultural production plans,"developing agricultural production plans
develop crop production plans
crop production plan developing
agricultural production plan developing
developing crop production plans",,released,2024-02-09T17:29:11.47Z,"It may include planning of sow and breed plants, weed, pest and disease control, pruning and crop thinning.",,"http://data.europa.eu/esco/concept-scheme/skills,
http://data.europa.eu/esco/concept-scheme/member-skills","Develop plans for planting, calculate crop input requirements for all stages of the growth."
http://data.europa.eu/esco/skill/0e9fbf47-0cec-4d82-97f9-12a3334819fe,skill/competence,sector-specific,control animal movement,"manipulate animal movement
handle movement of animals
perform animal handling
manipulate movement of animals
handle animals
conduct animal handling
control movement of animals
direct movement of animals
carry out animal handling activities
direct animal movement",,released,2024-02-09T17:29:15.235Z,"""Restrain"" includes physical and mechanical means, and/or the use of chemical means under veterinary direction.",,"http://data.europa.eu/esco/concept-scheme/skills,
http://data.europa.eu/esco/concept-scheme/member-skills","Direct, control or restrain some or part of an animal's, or a group of animals', movement."
http://data.europa.eu/esco/skill/0fb63e16-f674-4b96-9954-b9d63b666650,knowledge,sector-specific,variety of botanicals,"variety of botanical
formats of botanicals
categories of botanicals
variety of a botanical
botanical varieties
types of botanicals",,released,2024-02-09T17:29:15.235Z,,,"http://data.europa.eu/esco/concept-scheme/skills,
http://data.europa.eu/esco/concept-scheme/member-skills",Principles of botanicals with a primary focus in herbaceous and annual plants in raw form.
http://data.europa.eu/esco/skill/1075bb7c-2caf-49e0-92cf-5cb4a2b1c9eb,skill/competence,sector-specific,evaluate vineyard quality,"assess quality of vineyard
vineyard quality evaluating
assessing quality of vineyard
evaluating quality of vineyard
assessing vineyard quality
evaluating vineyard quality
vineyard quality assessing
evaluate quality of vineyard
assess vineyard quality",,released,2024-02-09T17:29:16.725Z,,,"http://data.europa.eu/esco/concept-scheme/skills,
http://data.europa.eu/esco/concept-scheme/member-skills",Help in assessing the vineyard and varietal fruit. Supervise receipt and evaluation of fruit according to quality parameters and specifications.
http://data.europa.eu/esco/skill/10d57d01-c5cc-4e50-967e-4ccaada0787d,skill/competence,sector-specific,estimate costs in farm,"calculating costs in farm
farm costs calculating
farm cost calculating
calculating costs in farming
farm costs estimating
calculate costs on farm
farm cost estimating
estimating costs in farming
estimate costs in farming
calculate costs in farming
estimating costs on farm",,released,2024-02-09T17:29:09.009Z,,,"http://data.europa.eu/esco/concept-scheme/skills,
http://data.europa.eu/esco/concept-scheme/member-skills",Provide cost analysis for relevant solutions and proposed actions taking into account the farm type and long term planning principles.
http://data.europa.eu/esco/skill/10f04ffe-7435-44d4-9f6f-6bf6e87b9a0e,skill/competence,sector-specific,advise on acquisitions,"advising on acquisitions
give recommendations on acquisitions
advise on acquisition
counsel on acquisitions
offer suggestions on acquisitions",,released,2024-02-09T17:29:12.215Z,,,"http://data.europa.eu/esco/concept-scheme/skills,
http://data.europa.eu/esco/concept-scheme/member-skills",Provide advice based on existing and planned acquisitions and investigate acquisition options.
http://data.europa.eu/esco/skill/118796d8-28a3-4865-bcd0-d037f4abcc0f,skill/competence,sector-specific,coordinate greenhouse environment,"taking care of greenhouse environment
ensuring correct greenhouse environment
ensure correct greenhouse environment
greenhouse environment coordinating
take care of greenhouse environment
coordinating greenhouse environment",,released,2025-06-20T08:32:59.175Z,,,"http://data.europa.eu/esco/concept-scheme/skills,
http://data.europa.eu/esco/concept-scheme/member-skills",Take care of the heating and cooling of greenhouses. Work together with the Grounds and Buildings Manager in keeping the irrigation systems and the horticultural equipment in good condition.
http://data.europa.eu/esco/skill/12c7b323-d870-4f5b-9d7d-d9f525206d77,knowledge,cross-sector,production processes,"production process
production measures
a production process
production handling
production analysis",,released,2024-02-09T17:29:10.678Z,,,"http://data.europa.eu/esco/concept-scheme/skills,
http://data.europa.eu/esco/concept-scheme/member-skills",Materials and techniques required in the production and distribution processes.
http://data.europa.eu/esco/skill/131df737-705c-4114-b556-27cc741ce020,skill/competence,occupation-specific,trap animals,"using animal traps
animal traps using
animals trapping
trapping animals
use animal traps
animal trap using
animal trapping",,released,2024-02-09T17:29:15.968Z,,,"http://data.europa.eu/esco/concept-scheme/skills,
http://data.europa.eu/esco/concept-scheme/member-skills","Use devices such as animal traps to catch or kill wildlife. Trap the animals for the purpose of gaining food or animal products, pest control or wildlife management."
http://data.europa.eu/esco/skill/132df8d4-7aac-47cb-951b-a6f4f6fa5a08,skill/competence,sector-specific,breed rabbits,"supervise rabbit breeding
supervising rabbit breeding
supervise breeding rabbits
managing rabbit breeding
rabbit breeding managing
rabbit breeding supervising
supervising breeding rabbits
managing breeding rabbits
manage rabbit breeding
manage breeding rabbits",,released,2023-11-03T12:40:06.26Z,,,"http://data.europa.eu/esco/concept-scheme/skills,
http://data.europa.eu/esco/concept-scheme/member-skills","Prepare a suitable environment for rabbit breeding. Select and prepare the appropriate habitats for specific kinds of rabbits. Monitor the rabbit's growth and health and ensure correct feeding. Identify when the rabbits are ready for consumption, scientific or other purposes."
http://data.europa.eu/esco/skill/13bf8e76-044a-43c3-9924-ee6d99b50a9f,knowledge,sector-specific,wine characteristics,"wine aromas
characteristics of wines
wine character
wine details",,released,2024-02-09T17:29:12.215Z,,,"http://data.europa.eu/esco/concept-scheme/skills,
http://data.europa.eu/esco/concept-scheme/member-skills",The origins and characteristics of international wines.
http://data.europa.eu/esco/skill/14026826-61f5-4476-a217-4e4d62e86b4f,knowledge,sector-specific,quality criteria for storage facilities,"principles of quality criteria for storage facilities
contents of quality standards for storage facilities
principles of quality standards for storage facilities
range of quality standards for storage facilities
contents of quality criteria for storage facilities
scope of quality standards for storage facilities
scope of quality criteria for storage facilities",,released,2024-02-09T17:29:15.235Z,,,"http://data.europa.eu/esco/concept-scheme/skills,
http://data.europa.eu/esco/concept-scheme/member-skills","Quality criteria for storage facilities such as safe locking systems, ventilation, regularly inspected fireproofing systems, etc."
http://data.europa.eu/esco/skill/14089215-7328-4aef-ada8-3eebd804df98,skill/competence,sector-specific,monitor the process of wine production,"watch the process of wine production
supervise the process of wine production
monitor the process of producing wine
oversee the process of wine production
view the process of wine production
monitor the winr process wine production
monitor wine production processes",,released,2024-02-09T17:29:10.678Z,,,"http://data.europa.eu/esco/concept-scheme/skills,
http://data.europa.eu/esco/concept-scheme/member-skills","Oversee wine production to take decisions, in order to achieve the desired output."
http://data.europa.eu/esco/skill/14dcd9eb-52e4-4353-ad4e-b2833e55ebe5,skill/competence,sector-specific,supervise pest and disease control,"supervising pest control
overseeing pest control
supervising pest and disease control
pest and disease control overseeing
supervising disease control
oversee disease control
pest and disease control supervising
oversee pest control
supervise disease control
overseeing disease control
oversee pest and disease control
supervise pest control
overseeing pest and disease control",,released,2024-02-09T17:29:15.235Z,Store and apply chemicals in accordance with manufacturers' directions. Ensure all appropriate personal protective equipment is used when applying chemicals. Maintain chemical log in accordance with legislative requirements.,,"http://data.europa.eu/esco/concept-scheme/skills,
http://data.europa.eu/esco/concept-scheme/member-skills","Scout for pest damage, order pesticides as needed and within given budget, supervise mixing and application of pesticides, maintain records of pesticide application."
http://data.europa.eu/esco/skill/16234c53-0b20-4594-a5f5-c31a2ad98c8c,skill/competence,sector-specific,control livestock disease,"livestock disease preventing
controlling disease in livestock
livestock disease controlling
preventing disease in livestock
controlling livestock disease
prevent disease in livestock
prevent livestock disease
disease controlling in livestock
disease preventing in livestock
preventing livestock disease
control disease in livestock",,released,2024-02-09T17:29:10.678Z,,,"http://data.europa.eu/esco/concept-scheme/skills,
http://data.europa.eu/esco/concept-scheme/member-skills","Control the spread of disease and parasites in herds, by using vaccination and medication, and by separating sick animals."
http://data.europa.eu/esco/skill/17a0c89d-1c78-4543-a637-ce2a03dbea18,skill/competence,occupation-specific,breed insects,"breed insect managing
undertake breeding of insects
undertaking breeding of insects
undertaking insect breeding
manage breeding insects
insect breeding undertaking
insect breeding managing
manage insect breeding
managing insect breeding
managing breeding insects
undertake insect breeding",,released,2020-06-19T13:38:24.698Z,,,"http://data.europa.eu/esco/concept-scheme/skills,
http://data.europa.eu/esco/concept-scheme/member-skills","Prepare a suitable environment for insect breeding. Select and prepare the appropriate terrariums for specific kinds of insects. Monitor the insect's growth and health and ensure correct feeding. Identify when the insects are ready for consumption, scientific or other purposes."
http://data.europa.eu/esco/skill/17fa5b53-fd59-49eb-8763-29255a185d26,skill/competence,sector-specific,prepare the ground,"clear land for turf laying
land clearing for turf laying
land preparing for turf laying
prepare land for turf laying
clear site for turf laying
ground preparing
preparing the ground for turf
ground preparing for turf
ground clearing for turfing
prepare the ground for turf
preparing the ground
clear ground for turfing
clearing ground for turfing",,released,2025-02-27T12:45:08.961Z,,,"http://data.europa.eu/esco/concept-scheme/skills,
http://data.europa.eu/esco/concept-scheme/member-skills","Prepare the ground for laying turf or seeding by clearing the area, choosing the optimal soil, choosing the ground deepness and the appropriate fertilisers."
http://data.europa.eu/esco/skill/18532b8f-360c-4e69-94f8-50795b07277a,knowledge,sector-specific,wine blending,"the blending of wines
wine mixtures
the blending of wine
wine mixing",,released,2023-02-17T09:49:09.711Z,,,"http://data.europa.eu/esco/concept-scheme/skills,
http://data.europa.eu/esco/concept-scheme/member-skills",Blending processes of wines considering factors that affect how wine is perceived by the taster and eliminate anything that may hinder objective testing.
http://data.europa.eu/esco/skill/186ba200-6c13-4ffd-947d-dbfe75a2b985,knowledge,sector-specific,quality criteria for livestock feed production,"range of quality standards for livestock feed production
scope of quality standards for livestock feed production
scope of quality criteria for livestock feed production
range of quality criteria for livestock feed production
types of quality criteria for livestock feed production
typology of quality criteria for livestock feed production
types of quality standards for livestock feed production
livestock feed production quality criteria
livestock feed production quality standards
typology of quality standards for livestock feed production",,released,2024-02-09T17:29:15.968Z,,,"http://data.europa.eu/esco/concept-scheme/skills,
http://data.europa.eu/esco/concept-scheme/member-skills","Quality assurance approaches, procedures and systems to allow for analysis of feeds and feed ingredients and determine their nutritional value. Evaluation of the functioning of a feed analysis laboratory and of its compliance to international standards."
http://data.europa.eu/esco/skill/188ad0ce-1703-4d41-801b-201d739aeede,skill/competence,cross-sector,maintain storage facilities,"maintaining storage facilities
manage storage facilities
storage facilities maintaining
managing storage facilities
storage facility managing
storage facilities managing
storage facility maintaining",,released,2024-02-09T17:29:14.494Z,,,"http://data.europa.eu/esco/concept-scheme/skills,
http://data.europa.eu/esco/concept-scheme/member-skills","Maintain or ensure the maintenance of cleaning equipment, heating or air conditioning of storage facilities and the temperature of premises."
http://data.europa.eu/esco/skill/18a5e674-550e-4fdf-98e9-df4584e2869c,skill/competence,sector-specific,assign duties to agriculture workers,"duty assigning to agriculture workers
duties assigning to agriculture workers
assigning tasks to agriculture workers
assign tasks to agriculture workers
task assigning to agriculture workers
assigning duties to agriculture workers
tasks assigning to agriculture workers",,released,2025-02-27T12:45:08.961Z,,,"http://data.europa.eu/esco/concept-scheme/skills,
http://data.europa.eu/esco/concept-scheme/member-skills","Assign duties, such as the cultivation, irrigation, or harvesting of crops or plants. Supervise product packaging or grading and equipment maintenance."
http://data.europa.eu/esco/skill/19e63192-afc2-4c65-8673-f927ddb6719f,knowledge,occupation-specific,hop cultivation,"typology of hop cultivation
growing of hops
methods of hop growing
techniques of hop growing
typology of hop growing
techniques of hop cultivation
cultivation of hops
methods of hop cultivation
types of hop cultivation
types of hop growing",,released,2024-02-09T17:29:12.215Z,,,"http://data.europa.eu/esco/concept-scheme/skills,
http://data.europa.eu/esco/concept-scheme/member-skills",The cultivation of hop plants. The diverse types of hops and the means to cultivate and harvest hop crops for beer brewing and other purposes.
http://data.europa.eu/esco/skill/1c9853ad-fad2-4d50-9fe3-6580d9e4d51e,skill/competence,occupation-specific,supervise fruit production teams,"overseeing fruit production teams
supervising fruit production teams
oversee fruit production teams
fruit production teams supervising
fruit production team supervising
fruit production teams overseeing
fruit production team overseeing",,released,2024-02-09T17:29:11.47Z,,,"http://data.europa.eu/esco/concept-scheme/skills,
http://data.europa.eu/esco/concept-scheme/member-skills","Supervise the fruit production crews by planning, assigning and evaluating their daily activities."
http://data.europa.eu/esco/skill/1d6640ab-97b2-4c89-974b-9363252c1b0a,skill/competence,cross-sector,assist bottling,"assist wine corking
assisting wine bottling
assisting corking
assisting in wine corking
corking assisting
assisting in wine bottling
assisting wine corking
assist wine bottling
wine bottling assisting
assisting bottling
bottling assisting
assisting in corking
wine corking assisting
assisting in bottling
assist corking",,released,2024-02-09T17:29:12.215Z,,,"http://data.europa.eu/esco/concept-scheme/skills,
http://data.europa.eu/esco/concept-scheme/member-skills",Prepare wine for bottling. Assist with bottling and corking.
http://data.europa.eu/esco/skill/1dae8445-12e5-423a-bb26-824010e299b9,skill/competence,cross-sector,ensure compliance with legal requirements,ensure compliance with legislative regulations,,released,2024-02-09T17:29:12.215Z,,,"http://data.europa.eu/esco/concept-scheme/skills,
http://data.europa.eu/esco/concept-scheme/member-skills","Guarantee compliance with established and applicable standards and legal requirements such as specifications, policies, standards or law for the goal that organisations aspire to achieve in their efforts."
http://data.europa.eu/esco/skill/1f82e3a0-12e3-4670-a6f2-56d3a6a5c101,skill/competence,sector-specific,tend cocoa cleaning machines,"take care of cocoa cleaning machines
tend cocoa cleaning machinery
mind cocoa cleaning machines
watch cocoa cleaning machines
look after cocoa cleaning machines
tending cocoa cleaning machines
tend a cocoa cleaning machine",,released,2024-02-09T17:29:12.215Z,,,"http://data.europa.eu/esco/concept-scheme/skills,
http://data.europa.eu/esco/concept-scheme/member-skills",Operate a machine that removes from cocoa beans such foreign materials as stones and dirt.
http://data.europa.eu/esco/skill/1fc580ca-9adc-46af-8a88-61e871273b49,skill/competence,sector-specific,manage animal biosecurity,"use biosafety techniques when working with animals
maintain biosecurity when working with animals
use biosafety measures when working with animals
oversee biosafety measures
maintain biosecurity when working with animal
use biosafety measure when working with animal
manage animal biosafety
use biosafety technique when working with animal
perform animal biosecurity
oversee biosafety measure",,released,2024-02-09T17:29:10.678Z,,,"http://data.europa.eu/esco/concept-scheme/skills,
http://data.europa.eu/esco/concept-scheme/member-skills","Plan and use appropriate biosafety measures to prevent transmission of diseases and ensure effective overall biosecurity. Maintain and follow biosecurity procedures and infection control when working with animals, including recognising potential health issues and taking appropriate action, communicating site hygiene control measures and biosecurity procedures, as well as reporting to others."
http://data.europa.eu/esco/skill/209a5498-3449-4689-8ed9-bd08cab4fd78,knowledge,cross-sector,engineering principles,"engineering fieldwork principles
engineering work principles
engineering research principles
engineering principle
engineering analysis principles
engineering application principles
engineering studies principles",,released,2024-02-09T17:29:17.515Z,,,"http://data.europa.eu/esco/concept-scheme/skills,
http://data.europa.eu/esco/concept-scheme/member-skills","The engineering elements like functionality, replicability, and costs in relation to the design and how they are applied in the completion of engineering projects."
http://data.europa.eu/esco/skill/20a8fe89-d4eb-4698-8521-8881c13377e0,skill/competence,cross-sector,interact professionally in research and professional environments,"give feedback in a professional setting
interact appropriately in research and professional spheres
receive feedback in a professional setting
interact considerately in research and professional spheres
show collegiality in research and professional environments",,released,2024-02-26T08:57:39.574Z,,,"http://data.europa.eu/esco/concept-scheme/skills,
http://data.europa.eu/esco/concept-scheme/member-skills,
http://data.europa.eu/esco/concept-scheme/research","Show consideration to others as well as collegiality. Listen, give and receive feedback and respond perceptively to others, also involving staff supervision and leadership in a professional setting."
http://data.europa.eu/esco/skill/20d59c4d-2cb0-4b5d-bbd1-85267f10975c,skill/competence,sector-specific,control grape quality,"control quality of grapes
grape quality maintaining
controlling quality of grapes
maintaining quality of grapes
maintain grape quality
maintaining grape quality
grape quality controlling
controlling grape quality
maintain quality of grapes",,released,2024-02-09T17:29:17.515Z,,,"http://data.europa.eu/esco/concept-scheme/skills,
http://data.europa.eu/esco/concept-scheme/member-skills",Discuss the quality and quantity of the grapes with viticulturists throughout the growing season.
http://data.europa.eu/esco/skill/21c5790c-0930-4d74-b3b0-84caf5af12ea,skill/competence,cross-sector,manage budgets,"budget set costs
approximate set costs
estimate set costs
manage operation budgets
oversee operational budgets
handle operational budgets
maintain operational budgets
manage operational budget",,released,2025-08-01T12:50:56.749Z,,,"http://data.europa.eu/esco/concept-scheme/skills,
http://data.europa.eu/esco/concept-scheme/member-skills","Plan, monitor, report on the budget and prepare set production budgets."
http://data.europa.eu/esco/skill/235b15d9-5ccd-4406-8993-f6dd0de2c4c9,skill/competence,sector-specific,provide advice to farmers,"provide farmers with advice
give advice to farmers
advice providing to farmers
giving farmers advice
give farmers advice
advice giving to farmers
giving advice to farmers
providing farmers with advice
providing advice to farmers",,released,2024-02-09T17:29:14.494Z,,,"http://data.europa.eu/esco/concept-scheme/skills,
http://data.europa.eu/esco/concept-scheme/member-skills",Provide technical and economical advice in order to optimise the quality and production of agricultural products.
http://data.europa.eu/esco/skill/237db40b-4600-47c0-837f-4a2c4f3014ab,knowledge,cross-sector,project management principles,"principles of project management
principles of project control
scope of project control principles
range of project management principles
range of project control principles
content of project management principles
scope of project management principles
content of project control principles",,released,2024-02-09T17:29:13.7Z,"The different phases of project management include the development of the overall planning, planning of resources for projects, implementation, execution, performance control, project end and the evaluation of outcome.",,"http://data.europa.eu/esco/concept-scheme/skills,
http://data.europa.eu/esco/concept-scheme/member-skills",Different elements and phases of project management.
http://data.europa.eu/esco/skill/241f559e-d255-4e93-b448-19ae20406dea,skill/competence,sector-specific,maintain farm equipment,"equipment maintaining on a farm
farm equipment maintaining
maintain equipment on farm
service farm equipment
farm equipment servicing
servicing equipment on farm
maintaining equipment on farm
equipment servicing on a farm
maintaining farm equipment
servicing farm equipment
service equipment on farm",,released,2024-02-09T17:29:12.952Z,,,"http://data.europa.eu/esco/concept-scheme/skills,
http://data.europa.eu/esco/concept-scheme/member-skills","Use oil, grease guns, and hand tools to lubricate, adjust, and make minor repairs to farm equipment."
http://data.europa.eu/esco/skill/24783286-361a-44db-b0f1-aaabe35aef5d,skill/competence,sector-specific,manage wine production,"wine production managing
supervising production of wine
wine production supervising
managing wine production
managing production of wine
supervise wine production
supervising wine production",,released,2024-02-09T17:29:09.009Z,,,"http://data.europa.eu/esco/concept-scheme/skills,
http://data.europa.eu/esco/concept-scheme/member-skills",Manage the wine production and review the production pipeline and volumes.
http://data.europa.eu/esco/skill/24ec34dc-62e9-47db-a075-f4d7f3691335,knowledge,sector-specific,young horses training,"schooling young horses
training young horses
young horse training
young horses schooling
training young horse
schooling young horse
young horse schooling
train young horses
train young horse
school young horses
school young horse",,released,2024-02-09T17:29:12.952Z,,,"http://data.europa.eu/esco/concept-scheme/skills,
http://data.europa.eu/esco/concept-scheme/member-skills",Principles and techiques of educating young horses important simple body control exercises.
http://data.europa.eu/esco/skill/263782c1-c65d-458a-ae67-8526ccf214f5,skill/competence,sector-specific,manage agricultural staff,"recruiting agricultural staff
recruit agricultural staff
agricultural staff managing
agricultural staff recruiting
managing agricultural staff",,released,2024-02-09T17:29:10.678Z,,,"http://data.europa.eu/esco/concept-scheme/skills,
http://data.europa.eu/esco/concept-scheme/member-skills","Recruit and manage staff. This includes defining the job needs of the organisation, defining the criteria and process for recruitment. Develop the competences of the staff according current and future needs of the company and individuals. Ensure health and safety of the staff, including the implementation of all relevant health and safety procedures and relatations with regular follow-up procedures."
http://data.europa.eu/esco/skill/284d8ebe-396a-4931-b044-1a30c4d1759a,skill/competence,occupation-specific,provide flock medical treatment,"administering medication to livestock
flock medication providing
provide flock with medication
providing flock medication
treat livestock with medication
treating livestock with medication
providing flock with medication
administer medication to livestock",,released,2024-02-09T17:29:11.47Z,,,"http://data.europa.eu/esco/concept-scheme/skills,
http://data.europa.eu/esco/concept-scheme/member-skills","Treat livestock medically, providing adapted medical treatment and administering medications and vaccinations when required."
http://data.europa.eu/esco/skill/2879557e-7c79-4f58-b076-99505ef34918,skill/competence,sector-specific,handle pigs,"carry out specialized procedures for pigs
specialised procedures for pigs undertaking
carrying out specialised procedures for pigs
undertake specialised procedures for pigs
undertaking specialised procedures for pigs
specialised procedures for pigs carrying out",,released,2020-06-19T14:06:54.283Z,,,"http://data.europa.eu/esco/concept-scheme/skills,
http://data.europa.eu/esco/concept-scheme/member-skills","Carry out specialised procedures such as branding, tagging, castration, tail-docking and tooth cutting in humane manner taking into account the hygiene, welfare and safety regulations."
http://data.europa.eu/esco/skill/28ad7c97-9fb3-4b1d-846a-654e529ab8ac,knowledge,cross-sector,sustainable manufacturing,"carbon-neutral manufacturing
sustainable production
sustainable forest products
eco-friendly manufacturing
green manufacturing
resource-efficient manufacturing",,released,2025-04-03T09:25:21.941Z,,,"http://data.europa.eu/esco/concept-scheme/skills,
http://data.europa.eu/esco/concept-scheme/green,
http://data.europa.eu/esco/concept-scheme/member-skills",The generation of manufactured products using efficient and sustainable production process that enhances the conservation of natural and energy resources while minimizing negative environmental impacts.
http://data.europa.eu/esco/skill/29d1a8b4-608b-4152-987a-232605e3fb49,skill/competence,sector-specific,maintain the farm,"maintaining the farm
maintain the farm facilities
maintain farm
maintain farm facilities
maintaining farm facilities
maintaining the farm facilities
farm maintaining
maintaining farm
farm facilities maintaining",,released,2024-02-09T17:29:09.851Z,,,"http://data.europa.eu/esco/concept-scheme/skills,
http://data.europa.eu/esco/concept-scheme/member-skills","Maintain farm facilities such as fences, water supplies, and outdoor buildings."
http://data.europa.eu/esco/skill/29fb0fb5-dfc4-4098-ac9b-3a712000f48f,skill/competence,cross-sector,manage database,implement database theory,,released,2024-02-09T17:29:13.7Z,,,"http://data.europa.eu/esco/concept-scheme/skills,
http://data.europa.eu/esco/concept-scheme/member-skills,
http://data.europa.eu/esco/concept-scheme/6c930acd-c104-4ece-acf7-f44fd7333036","Apply database design schemes and models, define data dependencies, use query languages and database management systems (DBMS) to develop and manage databases."
http://data.europa.eu/esco/skill/2a58e994-74b9-4211-85ac-cfb409a9b667,knowledge,sector-specific,botany,"botanic
plant morphology
plant variations
plant anatomy",,released,2025-07-25T11:15:00.857Z,,,"http://data.europa.eu/esco/concept-scheme/skills,
http://data.europa.eu/esco/concept-scheme/member-skills","The taxonomy or classification of plant life, phylogeny and evolution, anatomy and morphology, and physiology."
http://data.europa.eu/esco/skill/2ad1d666-0cf0-44e0-bebc-27c946be985b,skill/competence,sector-specific,plant vine yards,"establishing vineyards
establish vine yards
vine yards planting
vineyard planting
vineyards establishing
vine yards establishing
establishing vine yards
vineyard establishing
plant vineyards
vine yard establishing
establish vineyards
planting vineyards
planting vine yards
vineyards planting
vine yard planting",,released,2024-02-09T17:29:15.235Z,,,"http://data.europa.eu/esco/concept-scheme/skills,
http://data.europa.eu/esco/concept-scheme/member-skills","Plant vine yards perform planting preparation activites, plant vines and install trellis."
http://data.europa.eu/esco/skill/2aff15fb-1c24-42b5-89ca-17696df25370,knowledge,sector-specific,chemical products,"chemical commodities
chemical product
chemical production
chemical stock
chemical goods
chemical merchandise
a chemical product
chemical brands",,released,2024-02-09T17:29:09.851Z,,,"http://data.europa.eu/esco/concept-scheme/skills,
http://data.europa.eu/esco/concept-scheme/member-skills","The offered chemical products, their functionalities, properties and legal and regulatory requirements."
http://data.europa.eu/esco/skill/2b1e2927-3542-48da-9063-02925e7562c1,skill/competence,cross-sector,disseminate results to the scientific community,"disseminate scientific results
disclose scientific results
disclose findings of scientific research
disseminate findings of scientific research
disseminate results of scientific research",,released,2024-02-23T16:43:58.272Z,,,"http://data.europa.eu/esco/concept-scheme/skills,
http://data.europa.eu/esco/concept-scheme/member-skills,
http://data.europa.eu/esco/concept-scheme/research","Publicly disclose scientific results by any appropriate means, including conferences, workshops, colloquia and scientific publications."
http://data.europa.eu/esco/skill/2b34764d-637c-48f5-aa70-31e15c965db6,skill/competence,sector-specific,operate open source software,"know open-source software licensing schemes
know open-source software coding practices
know open-source licensing schemes
know open-source coding practices
manage open-source software",,released,2024-02-23T16:25:28.327Z,,,"http://data.europa.eu/esco/concept-scheme/skills,
http://data.europa.eu/esco/concept-scheme/member-skills,
http://data.europa.eu/esco/concept-scheme/research,
http://data.europa.eu/esco/concept-scheme/6c930acd-c104-4ece-acf7-f44fd7333036","Operate Open Source software, knowing the main Open Source models, licensing schemes, and the coding practices commonly adopted in the production of Open Source software."
http://data.europa.eu/esco/skill/2bbe0874-551d-4468-ad54-3278a8e73573,skill/competence,occupation-specific,handle wine sales,"wine sales conducting
conduct wine sales
wine sales handling
handling wine sales
conducting wine sales",,released,2024-02-09T17:29:09.851Z,,,"http://data.europa.eu/esco/concept-scheme/skills,
http://data.europa.eu/esco/concept-scheme/member-skills",Handle all aspects of wine sales. Communicate with members through telephone and email. Follow up appropriately in order to achieve wine sales.
http://data.europa.eu/esco/skill/2be2d20e-1191-4f85-8f8c-d49a60ca428a,skill/competence,sector-specific,educate on recycling regulations,"educating on recycling regulations
recycling regulations educating
recycling regulations informing
informing regarding recycling regulations
informing about recycling regulations
inform about recycling regulations
educating regarding recycling regulations
educating about recycling regulations",,released,2024-02-09T17:29:09.851Z,,,"http://data.europa.eu/esco/concept-scheme/skills,
http://data.europa.eu/esco/concept-scheme/green,
http://data.europa.eu/esco/concept-scheme/member-skills","Educate organisations and individuals on the correct procedures and legislation concerning the recycling of different types of waste in different types of containers, waste collection procedures, and on the sanctions following non-compliance to legislation."
http://data.europa.eu/esco/skill/2d64f29c-a50a-43fa-917b-448bed81ae85,skill/competence,occupation-specific,determine the sex of the animal,"determining the gender of the animal
determining the sex of the animal
sex of the animal determining
gender of the animal determining
determine the gender of the animal",,released,2024-02-09T17:29:15.235Z,,,"http://data.europa.eu/esco/concept-scheme/skills,
http://data.europa.eu/esco/concept-scheme/member-skills",Use sex-determining genes and sex chromosomes to identify the gender of an animal. Use different methods based on the type of animal.
http://data.europa.eu/esco/skill/2dbdd054-896a-4167-8f11-e9b9ebcf199d,knowledge,cross-sector,"health, safety and hygiene legislation","health, safety and hygiene regulation
health, safety and hygiene statutes
health, safety and hygiene legislation rules",,released,2024-02-09T17:29:09.851Z,,,"http://data.europa.eu/esco/concept-scheme/skills,
http://data.europa.eu/esco/concept-scheme/member-skills","The set of health, safety and hygiene standards and items of legislation applicable in a specific sector."
http://data.europa.eu/esco/skill/2de4572a-4724-4f76-afc2-72a568a264ac,skill/competence,cross-sector,speak different languages,"speak foreign languages
communicate in multiple languages
speak a different language",,released,2024-02-09T17:29:12.952Z,,,"http://data.europa.eu/esco/concept-scheme/skills,
http://data.europa.eu/esco/concept-scheme/member-skills,
http://data.europa.eu/esco/concept-scheme/research",Master foreign languages to be able to communicate in one or more foreign languages.
http://data.europa.eu/esco/skill/2e4e8114-e579-453d-918e-b0262818ab76,skill/competence,sector-specific,harvest crop,"cover crop sowing and harvesting
cover crop harvesting
sow and harvest cover crops
cover crops harvesting
harvest cover crops
gather crop
crop gathering
crops harvesting
harvesting of crop
gathering of crop
crops gathering
crop harvesting",,released,2025-02-27T12:45:08.961Z,,,"http://data.europa.eu/esco/concept-scheme/skills,
http://data.europa.eu/esco/concept-scheme/member-skills","Mow, pick or cut agricultural crop products manually or using appropriate tools and machinery. Taking into account the relevant quality criteria of products, hygiene prescriptions and using the appropriate methods."
http://data.europa.eu/esco/skill/2ea26d96-22bc-4425-97d4-3fab5384f614,skill/competence,sector-specific,manage nutrients,"nutrients controlling
nutrients managing
controlling nutrients
nutrient managing
nutrient controlling
managing nutrients
control nutrients",,released,2024-02-09T17:29:15.235Z,,,"http://data.europa.eu/esco/concept-scheme/skills,
http://data.europa.eu/esco/concept-scheme/member-skills",Collect and process samples of soil and plant tissue. Supervise application of lime and fertilisers.
http://data.europa.eu/esco/skill/2ee79495-6ff4-4a2b-b691-0a051a2bb7cf,skill/competence,sector-specific,screen cocoa beans,"test cocoa beans
analyse cocoa beans
screen a cocoa bean
check cocoa beans",,released,2024-02-09T17:29:11.47Z,,,"http://data.europa.eu/esco/concept-scheme/skills,
http://data.europa.eu/esco/concept-scheme/member-skills",Screen cocoa beans to select the appropriate beans for roasting and grinding. Assure selected beans conform to quality standards and clean cocoa beans with minor defects.
http://data.europa.eu/esco/skill/2f036190-a18b-4739-a7b5-d330f63723ac,skill/competence,occupation-specific,cultivate hops,"grow hops
growing hops
cultivating hops
hops growing
hop growing
hops cultivating
hop cultivating",,released,2024-02-09T17:29:15.235Z,,,"http://data.europa.eu/esco/concept-scheme/skills,
http://data.europa.eu/esco/concept-scheme/member-skills",Carry out the cultivation of hops for the production of beer and other purposes.
http://data.europa.eu/esco/skill/2f05ac16-ecf0-4830-b3fb-f973f9d6c0db,skill/competence,occupation-specific,breed pigs,"overseeing pig breeding
pig breeding managing
manage breeding of pigs
overseeing breeding of pigs
oversee pig breeding
pig breeding overseeing
managing pig breeding
oversee breeding of pigs
manage pig breeding
managing breeding of pigs",,released,2020-06-19T13:40:30.93Z,,,"http://data.europa.eu/esco/concept-scheme/skills,
http://data.europa.eu/esco/concept-scheme/member-skills","Prepare a suitable environment for pig breeding. Select and prepare the appropriate habitats for specific kinds of pigs. Monitor the pig's growth and health and ensure correct feeding. Determinate when the pigs are ready for trade, consumption or other purposes."
http://data.europa.eu/esco/skill/2f4e1ff6-1191-4fd8-b1bf-043af19cec65,skill/competence,cross-sector,perform sensory evaluation of food products,"complete sensory evaluation
undertake sensory evaluation
performing sensory evaluation
implement sensory evaluation
perform a sensory evaluation
perform sensory evaluation
execute sensory evaluation",,released,2020-07-09T09:07:30.02Z,,,"http://data.europa.eu/esco/concept-scheme/skills,
http://data.europa.eu/esco/concept-scheme/member-skills","Evaluate the quality of a given type of food or beverage based on its appearance, smell, taste, aroma, and others. Suggest possible improvements and comparisons with other products."
http://data.europa.eu/esco/skill/2f4f78ac-0246-4c59-907d-9fcb46f8fb77,skill/competence,cross-sector,mark differences in colours,"note changes in colours
marking a difference in colours
document changes in colours
register changes in colours
acknowledge changes in colours
mark differences in colors
mark a difference in colours
marking differences in colours",,released,2016-12-20T18:54:43Z,,,"http://data.europa.eu/esco/concept-scheme/skills,
http://data.europa.eu/esco/concept-scheme/member-skills","Identify differences between colours, such as shades of colour."
http://data.europa.eu/esco/skill/2f7800d9-e200-4395-b606-00db52841660,skill/competence,sector-specific,prepare sites for planting of grass,"prepare to sow lawn seed
site preparing for planting of grass
prepare ground for lawn seed
preparing ground for lawn seed
preparing site for planting of grass
prepare lawn for planting
prepare grass-planting sites
preparing lawn for planting
preparing sites for planting of grass
preparing to sow lawn seed",,released,2024-02-09T17:29:14.494Z,,,"http://data.europa.eu/esco/concept-scheme/skills,
http://data.europa.eu/esco/concept-scheme/member-skills","Prepare lawn areas by spreading top soil and planting grass, and by laying instant turf."
http://data.europa.eu/esco/skill/2fffc0e3-3e79-4e85-8af4-c0ae327ce2f8,skill/competence,cross-sector,mix chemicals,"combine chemical compounds
prepare chemicals
dose chemical compunds
put together chemical substances
combine chemicals
administer chemical substances",,released,2024-02-09T17:29:16.725Z,,,"http://data.europa.eu/esco/concept-scheme/skills,
http://data.europa.eu/esco/concept-scheme/member-skills","Mix chemical substances safely according to recipe, using the proper dosages."
http://data.europa.eu/esco/skill/30385f84-3f06-4f5b-b93f-e34997013a8b,knowledge,cross-sector,types of wine,"categories of wine
varieties of wine
wine types
type of wine
brands of wine
wine type
wine varieties",,released,2024-02-09T17:29:15.968Z,,,"http://data.europa.eu/esco/concept-scheme/skills,
http://data.europa.eu/esco/concept-scheme/member-skills","The large variety of wines, including the different types, regions and special characteristics of each. The process behind the wine such as grape varietals, fermentation procedures and the types of crop that resulted in the final product."
http://data.europa.eu/esco/skill/303b5c36-e48f-45a9-950c-5cd8061336c3,skill/competence,sector-specific,oversee vineyard floor activities,"tending floor of vineyard
tend floor of vineyard
tending vineyard floor
manage vineyard floor
vineyard floor managing
manage floor of vineyard
managing vineyard floor
vineyard floor tending
tend vineyard floor
managing floor of vineyard",,released,2020-06-16T14:06:34.533Z,,,"http://data.europa.eu/esco/concept-scheme/skills,
http://data.europa.eu/esco/concept-scheme/member-skills",Oversee the application of herbicides under vineyard trellis and the mowing of the rows.
http://data.europa.eu/esco/skill/30e0f65f-82b9-458d-b454-fba8f7d6a24b,skill/competence,occupation-specific,manage game management plans,"game management plans monitoring
game management plans writing
monitor game management plans
write game management plans
managing game management plans
monitoring game management plans
game management plans managing
game management plans developing",,released,2025-07-31T09:44:05.259Z,,,"http://data.europa.eu/esco/concept-scheme/skills,
http://data.europa.eu/esco/concept-scheme/member-skills","Develop, manage and monitor a game management plan to ensure that there is enough game such as deer, pheasant, partridge and grouse."
http://data.europa.eu/esco/skill/30fb877c-a6d9-4877-bd5d-a87f759ea781,skill/competence,sector-specific,check quality of fruits and vegetables,"check the quality of fruits and vegetables
audit quality of fruits and vegetables
checking the quality of fruits and vegetables
determine quality of fruits and vegetables
test quality of fruits and vegetables
check quality of fruit and vegetables
assess quality of fruits and vegetables",,released,2024-02-09T17:29:15.235Z,,,"http://data.europa.eu/esco/concept-scheme/skills,
http://data.europa.eu/esco/concept-scheme/member-skills",Check fruits and vegetables received from suppliers; ensure highest quality and freshness.
http://data.europa.eu/esco/skill/3195533c-acdb-42dd-8c72-18bc36b3826f,skill/competence,occupation-specific,select semen for artificial insemination of animals,"selecting semen for artificial insemination of animals
semen selecting for artificial insemination of animals
select animal semen for artificial insemination
preparing animal semen for artificial insemination
preparing semen for artificial insemination of animals
semen preparing for artificial insemination of animals
selecting animal semen for artificial insemination
prepare semen for artificial insemination of animals
prepare animal semen for artificial insemination",,released,2024-02-09T17:29:14.494Z,,,"http://data.europa.eu/esco/concept-scheme/skills,
http://data.europa.eu/esco/concept-scheme/member-skills",Select semen for animal artificial insemination according to the breeding program. Prepare sample and use the appropriate equipment and safe working practices.
http://data.europa.eu/esco/skill/31c69100-b612-4a61-8db5-fd314318854c,skill/competence,cross-sector,execute analytical mathematical calculations,apply analytical mathematical methods,,released,2025-06-25T12:15:04.406Z,,,"http://data.europa.eu/esco/concept-scheme/skills,
http://data.europa.eu/esco/concept-scheme/member-skills",Apply mathematical methods and make use of calculation technologies in order to perform analyses and devise solutions to specific problems.
http://data.europa.eu/esco/skill/31eede0c-9dac-49b8-b61b-1f9f22e79e1e,knowledge,sector-specific,animal hunting,"animal hunting legislation
legislation concerning animal culling
legislation concerning animal hunting
procedures of animal hunting
techniques of animal culling
techniques of animal hunting
procedures of animal culling
animal culling procedures
animal hunting techniques
animal hunting procedures
animal culling techniques
animal culling legislation",,released,2024-02-09T17:29:14.494Z,,,"http://data.europa.eu/esco/concept-scheme/skills,
http://data.europa.eu/esco/concept-scheme/member-skills","The techniques, procedures and legislations concerning the hunting of animals such as wildlife and birds for the purpose of gaining food and animal products, recreation, trade and wildlife management."
http://data.europa.eu/esco/skill/31efacf9-6623-4d88-947a-34613ce3c468,skill/competence,sector-specific,advise on tree issues,"advise on issues relating to trees
providing advice on issues relating to trees
tree issues advising
tree issues advice providing
advising on issues relating to trees
provide advice on issues relating to trees
advising on tree issues
provide advice on tree issues
providing advice on tree issues",,released,2025-07-25T11:15:00.857Z,,,"http://data.europa.eu/esco/concept-scheme/skills,
http://data.europa.eu/esco/concept-scheme/member-skills","Advise organisations or private individuals on planting, caring for, pruning or removing trees."
http://data.europa.eu/esco/skill/32d011d6-7875-4cc3-9755-28b366ef927b,knowledge,sector-specific,signs of animal illness,"signs of ill health in animals
sign of animal illness
knowledge of animal illnesses
signs of health and ill health in animals",,released,2024-02-09T17:29:15.968Z,,,"http://data.europa.eu/esco/concept-scheme/skills,
http://data.europa.eu/esco/concept-scheme/member-skills","Physical, behavioural and environmental signs of health and ill health in various animals."
http://data.europa.eu/esco/skill/334e3e49-fb02-4051-809a-f06adfdc1c40,skill/competence,cross-sector,troubleshoot,"troubleshoot problems
deal with problems
troubleshooting
identify problems
identifying problems
perform troubleshooting",,released,2025-04-16T10:29:22.901Z,,,"http://data.europa.eu/esco/concept-scheme/skills,
http://data.europa.eu/esco/concept-scheme/member-skills","Identify operating problems, decide what to do about it and report accordingly."
http://data.europa.eu/esco/skill/33e5a0ea-6e6f-4b22-9865-71864de92985,skill/competence,sector-specific,advise on fertiliser and herbicide,"advising on fertiliser
giving advice on fertiliser
give advice on herbicide
advising on fertiliser and herbicide
advise on fertilizer and herbicide
advising on herbicide
giving advice on herbicide
give advice on fertiliser and herbicide
giving advice on fertiliser and herbicide
give advice on fertiliser
advise on fertiliser
advise on herbicide",,released,2020-06-23T14:17:36.114Z,,,"http://data.europa.eu/esco/concept-scheme/skills,
http://data.europa.eu/esco/concept-scheme/member-skills","Provide advice on types of fertilisers and herbicides, their usage and best time to apply them."
http://data.europa.eu/esco/skill/3419fac9-575d-4492-a018-edff6f4dae26,knowledge,cross-sector,environmental legislation in agriculture and forestry,"impact of environmental legislation in in agriculture and forestry
agriculture and forestry environmental legislation
agriculture and forestry environmental regulation
implications of environmental regulation in in agriculture and forestry
implications of environmental legislation in in agriculture and forestry
scope of environmental legislation in in agriculture and forestry
range of environmental legislation in in agriculture and forestry
range of environmental regulation in in agriculture and forestry
scope of environmental regulation in in agriculture and forestry
impact of environmental regulation in in agriculture and forestry",,released,2025-02-27T12:45:08.961Z,,,"http://data.europa.eu/esco/concept-scheme/skills,
http://data.europa.eu/esco/concept-scheme/green,
http://data.europa.eu/esco/concept-scheme/member-skills","Awareness on environmental legislation, policies, principles relevant for agriculture and forestry. Awareness of the impact on the environment of local agricultural procedures and practices. Means to adjust the production to new environmental regulations and policies."
http://data.europa.eu/esco/skill/344d8c63-0bc2-4a70-9fea-cfe3ca5a6ca0,skill/competence,sector-specific,check processing parameters,"assess processing parameters
processing parameter checks
test processing parameters
checking processing parameters
check a processing parameter
check investigate processing parameters
audit processing parameters",,released,2024-02-09T17:29:12.215Z,"It includes checking moisture in food products to keep under control different technological processes such as drying, milling, etc.
It also includes controlling humidity in germination equipment.",,"http://data.europa.eu/esco/concept-scheme/skills,
http://data.europa.eu/esco/concept-scheme/member-skills",Check processing parameters to keep under control the technological processes.
http://data.europa.eu/esco/skill/34f41c95-69bb-42f5-b92e-1c7b8589b3f5,skill/competence,sector-specific,comply with wildlife hazard management programmes,"implement animal hazard management programmes
comply with procedures of animal hazard management programmes
comply with animal hazard management programmes
ensure wildlife hazard management programmes are implemented correctly
comply with provisions of wildlife hazard management programmes
perform work in accordance with animal hazard management programs
comply with procedures of wildlife hazard management programmes
comply with provisions of animal hazard management programmes
implement wildlife hazard management programmes
comply with wildlife hazard management programs
ensure animal hazard management programmes are implemented correctly",,released,2016-12-20T21:17:58Z,,,"http://data.europa.eu/esco/concept-scheme/skills,
http://data.europa.eu/esco/concept-scheme/member-skills",Ensure that animal hazard management programs are carried out appropriately. Consider the impact of wildlife on the performance of transport or industrial operations.
http://data.europa.eu/esco/skill/351122a2-44f7-41db-ba8b-425136d5fb87,skill/competence,sector-specific,maintain turf and grass,"maintain grass
establish turf and grass
turf and grass maintaining
establishing turf
establishing grass
establish turf
maintaining turf
turf and grass establishing
establishing turf and grass
maintain turf
maintaining grass
maintaining turf and grass
establish grass",,released,2024-02-09T17:29:11.47Z,,,"http://data.europa.eu/esco/concept-scheme/skills,
http://data.europa.eu/esco/concept-scheme/member-skills","Establish and maintain fine turf, grassed fields, and synthetic surfaces for sports events. Ensure a pleasant appearance of the property grounds."
http://data.europa.eu/esco/skill/3529d640-5d49-45fe-8ede-491e9c8e0447,skill/competence,cross-sector,maintain laboratory equipment,"maintain laboratory gear
maintain laboratory devices
maintain lab equipment",,released,2024-02-09T17:29:09.009Z,,,"http://data.europa.eu/esco/concept-scheme/skills,
http://data.europa.eu/esco/concept-scheme/member-skills",Clean laboratory glassware and other equipment after use and it for damage or corrosion in order to ensure its proper functioning.
http://data.europa.eu/esco/skill/35f1dcdc-577f-46c6-96d9-6c7a64501de9,knowledge,sector-specific,laboratory equipment,"laboratory devices
laboratory gear
lab equipment",,released,2024-02-09T17:29:10.678Z,,,"http://data.europa.eu/esco/concept-scheme/skills,
http://data.europa.eu/esco/concept-scheme/member-skills",The tools and equipment used by scientists and other scientific professionals in a laboratory.
http://data.europa.eu/esco/skill/360e1c45-d335-4a19-b717-e1932927a72b,skill/competence,sector-specific,handle delivery of raw materials,"manage delivery of raw materials
manage the delivery of a raw material
manage delivery of a raw material
supervise delivery of raw materials
regulate delivery of raw materials
maintain delivery of raw materials
oversee delivery of raw materials
manage the delivery of raw materials",,released,2020-06-15T08:45:19.849Z,,,"http://data.europa.eu/esco/concept-scheme/skills,
http://data.europa.eu/esco/concept-scheme/member-skills",Receive raw materials from the suppliers. Check their quality and accuracy and move them into the warehouse. Make sure that raw materials are adequately stored until they are required by the production department.
http://data.europa.eu/esco/skill/36e9c099-614e-44f1-ab0a-5e6fda4a0763,skill/competence,cross-sector,undertake inspections,"assess and report on safety
perform safety inspections
identify and analyse safety hazards
perform inspections
conduct safety inspections
inspect safety
identify and report on potential safety hazards
conduct inspections
undertake safety inspections
identify safety hazards
perform safety inspection activities",,released,2024-02-09T17:29:09.009Z,,,"http://data.europa.eu/esco/concept-scheme/skills,
http://data.europa.eu/esco/concept-scheme/member-skills",Undertake safety inspections in areas of concern to identify and report potential hazards or security breaches; take measures to maximise safety standards.
http://data.europa.eu/esco/skill/36ff57b0-637d-4a83-a0e8-d14f86f9f078,skill/competence,cross-sector,analyse scientific data,"analyse science data
analysing scientific data
analyze scientific data
examine scientific data
study scientific data
scrutinize
review scientific data
survey scientific data",,released,2017-02-10T12:58:09Z,,,"http://data.europa.eu/esco/concept-scheme/skills,
http://data.europa.eu/esco/concept-scheme/member-skills",Collect and analyse scientific data resulting from research. Interpret these data according to certain standards and viewpoints in order to comment on it.
http://data.europa.eu/esco/skill/37838e04-ac5f-43a5-82d0-35f42351fd60,skill/competence,cross-sector,advise on safety improvements,"provide recommendations to improve safety
make recommendations for safety improvements
provide advice on safety improvements
consider and develop recommendations to improve safety
improve safety by providing advice and recommendations
advise on health and safety improvements
recommend safety improvements
develop safety recommendations",,released,2024-02-09T17:29:16.725Z,,,"http://data.europa.eu/esco/concept-scheme/skills,
http://data.europa.eu/esco/concept-scheme/member-skills",Provide relevant recommendations following the conclusion of an investigation; ensure that recommendations are duly considered and where appropriate acted upon.
http://data.europa.eu/esco/skill/3786b61f-f22e-48d1-af8d-ad4c354534db,knowledge,cross-sector,manufacturing processes,"a manufacturing process
manufacturing measures
manufacturing process
manufacturing procedures
process of manufacturing
manufacturing system
manufacturing mechanisms",,released,2024-02-09T17:29:12.952Z,,,"http://data.europa.eu/esco/concept-scheme/skills,
http://data.europa.eu/esco/concept-scheme/member-skills","The steps required through which a material is transformed into a product, its development and full-scale manufacturing."
http://data.europa.eu/esco/skill/37ab8cef-8abf-43be-a71f-1e45aef610b8,skill/competence,cross-sector,monitor work site,"ensure health and safety of work environment
conduct work environment health and safety monitoring
oversee work environment
supervise work environment
undertake health and safety monitoring for work sites
conduct work site health and safety monitoring
carry out health and safety monitoring for work environments
oversee work site
monitor work environment
supervise work site
ensure health and safety of work site",,released,2024-02-09T17:29:09.009Z,,,"http://data.europa.eu/esco/concept-scheme/skills,
http://data.europa.eu/esco/concept-scheme/member-skills",Regularly ensure that working conditions on site meet health and safety requirements; ensure that the proposed work will not pose a threat to the physical integrity of others.
http://data.europa.eu/esco/skill/37fd96cf-404a-4fa3-a443-2b5d6858c010,knowledge,cross-sector,animal nutrition,"range of animal nutrition
kinds of animal food
types of animal food
range of animal food
typology of animal food
types of animal nutrition
typology of animal nutrition
kinds of animal nutrition",,released,2024-02-09T17:29:14.494Z,,,"http://data.europa.eu/esco/concept-scheme/skills,
http://data.europa.eu/esco/concept-scheme/member-skills","Aspects of how different animal species are fed and provided water. Different types of animal food, the quality criteria for animal food and methods to feed and give water to animals."
http://data.europa.eu/esco/skill/38788a64-6271-40ff-9e0b-5644c38322ff,knowledge,sector-specific,consultation methods,"consultation techniques
means of consultation
methods of consultation
techniques for consultation
methods for consultation",,released,2024-02-09T17:29:15.235Z,,,"http://data.europa.eu/esco/concept-scheme/skills,
http://data.europa.eu/esco/concept-scheme/member-skills","Techniques used to facilitate clear and open communication and the provision of advice between individuals, communities or the government, such as discussion groups or one-on-one interviews."
http://data.europa.eu/esco/skill/398df1fc-cd77-4757-981d-367561ae48b7,skill/competence,occupation-specific,transfer animal embryos,"transfer animals' embryos
transfer animal embryo
transfer embryos of animals
implant an animal embryo
implant animal embryos",,released,2024-02-09T17:29:09.009Z,,,"http://data.europa.eu/esco/concept-scheme/skills,
http://data.europa.eu/esco/concept-scheme/member-skills","Implant embryos, under veterinary instruction, ensuring that the health status of both the embryo and the recipient is maintained at all times."
http://data.europa.eu/esco/skill/39f67488-cfd3-4370-8d7e-da98163102d9,skill/competence,cross-sector,evaluate research activities,"perform scholarly peer review
assess research results
assess research methodology",,released,2020-12-11T12:32:43.311Z,,,"http://data.europa.eu/esco/concept-scheme/skills,
http://data.europa.eu/esco/concept-scheme/member-skills,
http://data.europa.eu/esco/concept-scheme/research","Review proposals, progress, impact and outcomes of peer researchers, including through open peer review."
http://data.europa.eu/esco/skill/3a08450a-7e60-449d-84cb-a39b3d8aaece,skill/competence,sector-specific,provide advice to hatcheries,"giving hatcheries advice
provide hatcheries with advice
give advice to hatcheries
providing advice to hatcheries
give hatcheries advice
advice giving to hatcheries
advice providing to hatcheries
giving advice to hatcheries",,released,2024-02-09T17:29:12.215Z,,,"http://data.europa.eu/esco/concept-scheme/skills,
http://data.europa.eu/esco/concept-scheme/member-skills",Provide recommendations for the installation and well functioning of hatcheries.
http://data.europa.eu/esco/skill/3ab0d7fc-a266-4609-bdab-85d09d5de10e,skill/competence,sector-specific,provide nutrition to animals,"conduct animal feeding activities
provide animal nourishment
feed and water animals
feed animals
provide water and food to animals
provide nourishment to animals
carry out animal feeding
provide animal nutrition
perform animal feeding activities
provide food and water to animals",,released,2024-02-09T17:29:12.215Z,,,"http://data.europa.eu/esco/concept-scheme/skills,
http://data.europa.eu/esco/concept-scheme/member-skills",Provide food and water to animals. This includes preparing food and water for animals and reporting any changes in the animal feeding or drinking habits.'.
http://data.europa.eu/esco/skill/3c6fe585-7d12-4315-b579-e30c042088ce,skill/competence,cross-sector,use computer-aided engineering systems,"use a computer-aided engineering system
utilise computer-aided engineering systems
use a CAE system
use CAE systems
work with CAE systems
employ CAE systems
operate computer-aided engineering systems
deal with CAE systems
apply computer-aided engineering systems",,released,2024-02-09T17:29:12.952Z,,,"http://data.europa.eu/esco/concept-scheme/skills,
http://data.europa.eu/esco/concept-scheme/member-skills,
http://data.europa.eu/esco/concept-scheme/6c930acd-c104-4ece-acf7-f44fd7333036",Use computer-aided engineering software to conduct stress analyses on engineering designs.
http://data.europa.eu/esco/skill/3c82bd87-15f3-4628-a0ff-db396139ca3e,skill/competence,sector-specific,interact safely with animals,"carefully interact with animals
ensure a safe interaction with animals
safely interact with animals
prevent injuries during interaction with animals
safely interact with an animal
ensure safe interaction with animals",,released,2023-05-04T09:10:41.567Z,,,"http://data.europa.eu/esco/concept-scheme/skills,
http://data.europa.eu/esco/concept-scheme/member-skills","Ensure a safe and humane interaction with the animal avoiding factors that will negatively affect their behaviours. This includes the use of humane training aids/equipment, as well as explaining their use to owners/keepers, to ensure they are used appropriately and the welfare of the animal is protected."
http://data.europa.eu/esco/skill/3c9fc332-97e4-409a-8c32-e81fa552e882,knowledge,sector-specific,viticulture,"vine growing
vine production
principles of viticulture
techniques of vine production
viticulture principles
methods of vine production
methods of viticulture
principles of vine production
techniques of viticulture
vine production principles",,released,2025-04-03T09:25:58.555Z,,,"http://data.europa.eu/esco/concept-scheme/skills,
http://data.europa.eu/esco/concept-scheme/member-skills",Understanding of vine growth and principles of viticulture.
http://data.europa.eu/esco/skill/3d998848-a077-4096-9fec-e93cca7c691d,knowledge,sector-specific,European firearms-control legislation,"European firearm-control legislation
European firearms-control laws
European gun-control rules
European firearms control legislation
EU firearms-control legislation",,released,2024-02-09T17:29:09.009Z,,,"http://data.europa.eu/esco/concept-scheme/skills,
http://data.europa.eu/esco/concept-scheme/member-skills",The regulation regarding the acquisition and possession of weapons on a European Union level by means the Directive 91/477/EEC and the Directive 2008/51/EC.
http://data.europa.eu/esco/skill/3e0c6522-b38f-4e22-a5b8-2522a576b5b5,skill/competence,sector-specific,store wine,"store wines properly
store wine carefully
store wine appropriately
store a wine properly",,released,2024-02-09T17:29:12.215Z,,,"http://data.europa.eu/esco/concept-scheme/skills,
http://data.europa.eu/esco/concept-scheme/member-skills","Keep in reserve various types of wine according to standards, regulating temperature, heating and air conditioning of storage facilities."
http://data.europa.eu/esco/skill/3e25fd3e-2bcd-4320-9587-0aadf7fb93b1,skill/competence,sector-specific,advise on soil and water protection,"soil and water protection advising
give advice on soil and water protection
advising on soil protection
water protection advising
soil protection advising
advising on soil and water protection
giving advice on soil and water protection
advising on water protection
soil and water protection advice giving",,released,2024-02-09T17:29:15.235Z,,,"http://data.europa.eu/esco/concept-scheme/skills,
http://data.europa.eu/esco/concept-scheme/green,
http://data.europa.eu/esco/concept-scheme/member-skills",Advise on methods to protect soil and water sources against pollution such as nitrate leaching which is responsible for soil erosion.
http://data.europa.eu/esco/skill/3fcc2323-b90f-4eeb-9640-0f8742034117,skill/competence,occupation-specific,examine animals,"animals examining for injury
examining animals
animal examining
animal assessing
assess animals
animal assessing for injury
animal examining for injury
animals examining
assessing animals for injury
assess animals for injury
animals assessing
assessing animals
examining animals for injury
examine animals for injury
animals assessing for injury",,released,2024-02-09T17:29:11.47Z,,,"http://data.europa.eu/esco/concept-scheme/skills,
http://data.europa.eu/esco/concept-scheme/member-skills","Examine animals in case thay are injured, sick, or having a disease. Check up on physical characteristics, such as rate of weight gain."
http://data.europa.eu/esco/skill/4021ae85-8f3d-44e8-ac64-eeebac97f3ce,knowledge,sector-specific,understand game species,"habitat of game species
biology of game species
knowledge of habitat of game species
knowledge of ecology of game species
ecology of game species
knowledge of biology of game species",,released,2025-07-25T11:15:00.857Z,,,"http://data.europa.eu/esco/concept-scheme/skills,
http://data.europa.eu/esco/concept-scheme/member-skills","Understand biology and ecology of relevant game species including game birds, deer, and fisheries."
http://data.europa.eu/esco/skill/4134622c-c3fb-4a41-beb6-6d58ba5107db,skill/competence,cross-sector,demonstrate disciplinary expertise,"exhibit academic proficiency
demonstrate complex understanding of a research area
demonstrate deep knowledge of a research area
demonstrate deep knowledge of a specific research area
demonstrate complex understanding of a specific research area",,released,2024-02-23T16:39:48.713Z,,,"http://data.europa.eu/esco/concept-scheme/skills,
http://data.europa.eu/esco/concept-scheme/member-skills,
http://data.europa.eu/esco/concept-scheme/research","Demonstrate deep knowledge and complex understanding of a specific research area, including responsible research, research ethics and scientific integrity principles, privacy and GDPR requirements, related to research activities within a specific discipline."
http://data.europa.eu/esco/skill/415abd43-e8e5-4643-b5da-5f11307af57a,skill/competence,cross-sector,use different communication channels,"using different communication channels
operate specific communication channels
handle specific communication channels
utilise specific communication channels
apply specific communication channels
use of different communication channels",,released,2024-02-09T17:29:16.725Z,,,"http://data.europa.eu/esco/concept-scheme/skills,
http://data.europa.eu/esco/concept-scheme/member-skills","Make use of various types of communication channels such as verbal, handwritten, digital and telephonic communication with the purpose of constructing and sharing ideas or information."
http://data.europa.eu/esco/skill/4295ade3-2c2a-455a-a71a-3cbcebd460ed,skill/competence,sector-specific,operate pasteurisation processes,"reform pasteurisation processes
operate pasteurization processes
operate a pasteurisation process
undertake pasteurisation processes
conduct pasteurisation processes
operating pasteurisation processes",,released,2021-12-10T11:06:38.21Z,,,"http://data.europa.eu/esco/concept-scheme/skills,
http://data.europa.eu/esco/concept-scheme/member-skills",Follow and apply procedures to pasteurise food and beverages. Recognise the properties of the products to be pasteurised and adapt procedures accordingly.
http://data.europa.eu/esco/skill/42b23922-1c40-4dbe-9e0c-7a568dfdf06b,skill/competence,cross-sector,adjust engineering designs,"adjust manufacturing designs
adjust building designs
adjust construction designs
adjust desings for engineering
adjust engineering schemes
adjust engineering models",,released,2024-02-09T17:29:15.235Z,,,"http://data.europa.eu/esco/concept-scheme/skills,
http://data.europa.eu/esco/concept-scheme/member-skills",Adjust designs of products or parts of products so that they meet requirements.
http://data.europa.eu/esco/skill/4339176e-3acd-4f7f-a5d9-445bee3d23f2,knowledge,cross-sector,mathematics,"numeracy
quantitative data
solid modeling
mathematical subjects
field of mathematics
study of mathematics
maths
calculation",,released,2025-02-27T12:45:08.961Z,,,"http://data.europa.eu/esco/concept-scheme/skills,
http://data.europa.eu/esco/concept-scheme/member-skills","Mathematics is the study of topics such as quantity, structure, space, and change. It involves the identification of patterns and formulating new conjectures based on them. Mathematicians strive to prove the truth or falsity of these conjectures. There are many fields of mathematics, some of which are widely used for practical applications."
http://data.europa.eu/esco/skill/435d1751-8667-41ec-8b32-865b7cd3c684,skill/competence,cross-sector,manage production enterprise,"production enterprise managing
organising production
production organising
production enterprises managing
organise production
managing production enterprises
managing production enterprise",,released,2024-02-09T17:29:09.851Z,"It may include providing supervision, training and motivation for the staff, interns and volunteers.",,"http://data.europa.eu/esco/concept-scheme/skills,
http://data.europa.eu/esco/concept-scheme/member-skills","Organise and instruct staff, plan production strategies and programmes including sales. Carry out input purchase orders, materials, equipment and manage stocks etc. Awareness of demands of the businesses customers and adjustments accordingly to plans and strategies. Estimate resources and control budget of enterprise applying business economics, production development and project management principles."
http://data.europa.eu/esco/skill/43b13058-68d0-40c6-8031-caf5a7b7d20c,skill/competence,cross-sector,keep task records,"maintain task records
task records maintaining
task record maintaining
maintaining task records
task records keeping
keeping task records
task record keeping",,released,2024-02-09T17:29:09.009Z,,,"http://data.europa.eu/esco/concept-scheme/skills,
http://data.europa.eu/esco/concept-scheme/member-skills",Organise and classify records of prepared reports and correspondence related to the performed work and progress records of tasks.
http://data.europa.eu/esco/skill/44297bbb-306a-46fa-ab1b-fa3fb327ebda,knowledge,cross-sector,mechanical tools,"types of machines
range of mechanical tools
types of mechanical tools
typology of machines
functions of types of mechanical tools
functions of types of machines
range of machines
typology of mechanical tools",,released,2023-02-22T20:12:41.934Z,,,"http://data.europa.eu/esco/concept-scheme/skills,
http://data.europa.eu/esco/concept-scheme/member-skills","Various type of machines and tools, including their designs, uses, repair, and maintenance."
http://data.europa.eu/esco/skill/44672641-e4b9-4a93-b64f-d8700149d772,knowledge,sector-specific,wild game meat food safety requirements,"regulations in wild game meat food safety
legislation in wild game meat food safety
procedures in wild game meat food safety",,released,2023-04-06T15:36:52.953Z,,,"http://data.europa.eu/esco/concept-scheme/skills,
http://data.europa.eu/esco/concept-scheme/member-skills",The food safety management procedures and national requirements for wild game meat.
http://data.europa.eu/esco/skill/44e5dcba-0731-493b-848f-a7d2a256ba8e,skill/competence,occupation-specific,supervise horticultural crews,"horticultural crews supervising
organising horticultural crews
horticultural crew supervising
horticultural crew organising
horticultural crews organising
organise horticultural crews
supervising horticultural crews",,released,2024-02-09T17:29:15.235Z,,,"http://data.europa.eu/esco/concept-scheme/skills,
http://data.europa.eu/esco/concept-scheme/member-skills","Supervise the horticultural crews by planning, assigning and evaluating their daily activities."
http://data.europa.eu/esco/skill/48c34089-d74a-4e52-b783-aea877f2fea1,knowledge,occupation-specific,training equipment for riding,"types of training equipment for riding
range of training equipment for riding
range of equipment used in rider training
equipment used in rider training
types of equipment used in rider training
kinds of equipment used in rider training
kinds of training equipment for riding
typology of training equipment for riding
typology of equipment used in rider training",,released,2024-02-09T17:29:13.7Z,,,"http://data.europa.eu/esco/concept-scheme/skills,
http://data.europa.eu/esco/concept-scheme/member-skills","Training equipment used in different riding styles such as saddles, bits/curb straps, neck sweats, athletic boots, etc."
http://data.europa.eu/esco/skill/48f480aa-c9a8-4552-b1c5-e94330912257,knowledge,cross-sector,road traffic laws,"road traffic rules
road traffic legal codes
rules of the road
legal standards for road traffic
road traffic legislation
legislation governing travel on roads
regulations for road traffic
traffic laws
legislation governing road traffic",,released,2023-02-21T10:06:06.673Z,,,"http://data.europa.eu/esco/concept-scheme/skills,
http://data.europa.eu/esco/concept-scheme/member-skills","The rule governing the circulation of vehicles, such as national traffic codes and the rules of the road."
http://data.europa.eu/esco/skill/49071d69-cd74-42ed-8f54-8d66a0623950,skill/competence,sector-specific,perform detailed food processing operations,"perform a detailed food processing operation
perform detailed food processing operation
implement detailed food processing operations
execute detailed food processing operations
complete detailed food processing operations
undertake detailed food processing operations",,released,2024-02-09T17:29:12.215Z,,,"http://data.europa.eu/esco/concept-scheme/skills,
http://data.europa.eu/esco/concept-scheme/member-skills",Perform precise food processing operations with great attention and detail to all steps in the creation of a qualitative product.
http://data.europa.eu/esco/skill/49212efd-acf0-4257-a011-e07c9e369ecf,knowledge,cross-sector,animal welfare legislation,"legislation on animal welfare
legislation when working with animals
animal welfare laws
animal health and welfare legislation",,released,2024-02-09T17:29:15.968Z,"National and EU legislation relevant to occupation, regulatory body and codes of conduct. This may include <a resource=""http://data.europa.eu/esco/skill/4e6cfb60-9579-4822-8a5e-424bc0c8835c"" typeOf=""http://data.europa.eu/esco/model#Skill"" href=""http://data.europa.eu/esco/skill/4e6cfb60-9579-4822-8a5e-424bc0c8835c""><span property=""http://www.w3.org/2000/01/rdf-schema#label"" xml:lang=""en"">animal welfare</span></a>. , health and safety, risk assessment requirements and codes of conduct, especially in the areas of animal welfare, health and public health, food and environmental safety in relation with clients.",,"http://data.europa.eu/esco/concept-scheme/skills,
http://data.europa.eu/esco/concept-scheme/member-skills","The legal boundaries, codes of professional conduct, national and EU regulatory frameworks and legal procedures of working with animals and living organisms, ensuring their welfare and health."
http://data.europa.eu/esco/skill/4938b245-1312-4e8f-adc9-a3ae031e4d70,skill/competence,sector-specific,make decisions regarding plant propagation,"make plant propagation decisions
resolving plant propagation issues
decision making regarding plant propagation
making plant propagation decisions
resolve issues in plant propagation
plant propagation issues resolving
making decisions regarding plant propagation
resolve plant propagation issues",,released,2024-02-09T17:29:13.7Z,,,"http://data.europa.eu/esco/concept-scheme/skills,
http://data.europa.eu/esco/concept-scheme/member-skills",Decide on issues regarding business management and further advice for the cultivation of crops and plants.
http://data.europa.eu/esco/skill/496932f1-0b6b-4f73-9432-d95c7ddcd43b,skill/competence,cross-sector,recruit employees,"hire new personnel
hiring new personnel
recruit staff
employ new personnel
manage recruitment of employees",,released,2024-01-16T13:56:51.003Z,It may include recruiting volunteers.,,"http://data.europa.eu/esco/concept-scheme/skills,
http://data.europa.eu/esco/concept-scheme/member-skills","Hire new employees by scoping the job role, advertising, performing interviews and selecting staff in line with company policy and legislation."
http://data.europa.eu/esco/skill/499c05a2-6f36-4407-83c1-dc3448d35818,skill/competence,sector-specific,ensure public safety and security,"public security and safety processes
strategies and procedures to protect public security
maintain public safety and security
maintain public security and safety
ensure public health and safety
ensure safety and security of the public
procedures and strategies to protect public security
public safety and security processes
ensure health and safety of the public",,released,2024-02-09T17:29:15.968Z,,,"http://data.europa.eu/esco/concept-scheme/skills,
http://data.europa.eu/esco/concept-scheme/member-skills","Implement the relevant procedures, strategies and use the proper equipment to promote local or national security activities for the protection of data, people, institutions, and property."
http://data.europa.eu/esco/skill/4ab4aca0-96dd-42bb-bf01-c3e0647fa852,skill/competence,occupation-specific,advise on grape quality improvement,"give advice on grape quality improvement
grape quality improvement advising
give advice on improvement of grape quality
giving advice on grape quality improvement
giving advice on improvement of grape quality
advising on improvement of grape quality
advising on grape quality improvement
advise on improvement of grape quality",,released,2024-02-09T17:29:13.7Z,Advise on methods and procedures to improve the qualiy of grapes.,,"http://data.europa.eu/esco/concept-scheme/skills,
http://data.europa.eu/esco/concept-scheme/member-skills",Advise on methods and procedures to improve the quality of grapes.
http://data.europa.eu/esco/skill/4b38ae9d-28a3-467f-a8bb-88ac4696d8cf,knowledge,sector-specific,equine dental diseases,"typology of equine dental diseases
typology of equine dental treatments
dental treatments in equines
types of equine dental diseases
range of equine dental treatments
types of equine dental treatments
range of equine dental diseases
dental diseases in equines",,released,2024-02-09T17:29:12.215Z,,,"http://data.europa.eu/esco/concept-scheme/skills,
http://data.europa.eu/esco/concept-scheme/member-skills","Prevention, diagnosis and treatment of dental diseases for horses."
http://data.europa.eu/esco/skill/4bbb309f-9162-49b9-93da-fb2c371e5c5f,skill/competence,cross-sector,collect samples for analysis,"collecting samples for analysis
compile samples for analysis
organise samples for analysis
undertake samples for analysis
assemble samples for analysis
collect a sample for analysis",,released,2024-02-09T17:29:15.968Z,Follow the procedures required for the collection of materials and products for laboratory analysis.,,"http://data.europa.eu/esco/concept-scheme/skills,
http://data.europa.eu/esco/concept-scheme/member-skills",Collect samples of materials or products for laboratory analysis.
http://data.europa.eu/esco/skill/4bd422bb-6ea3-4161-a908-53c0f5a1bb00,knowledge,sector-specific,animal production science,"knowledge of animal nutrition
fundamentals of animal production
science of animal production
animal production sciences
knowledge of animal production
knowledge of animal husbandry",,released,2024-02-09T17:29:12.215Z,,,"http://data.europa.eu/esco/concept-scheme/skills,
http://data.europa.eu/esco/concept-scheme/member-skills","Animal nutrition, agronomy, rural economics, animal husbandry, hygiene and bio-security, ethology, protection and herd health management."
http://data.europa.eu/esco/skill/4c4235a9-a1fb-403f-a173-37d9297c218c,skill/competence,sector-specific,recycle livestock manure,"manage the recycling process of horse manure
recycle horse manure
recycle organic fertilisers
manage the recycling of horse manure
manage the recycling process of livestock manure",,released,2024-02-23T16:28:19.095Z,,,"http://data.europa.eu/esco/concept-scheme/skills,
http://data.europa.eu/esco/concept-scheme/green,
http://data.europa.eu/esco/concept-scheme/member-skills",Apply livestock manure management techniques at appropriate application windows to recycle livestock manure as organic nutrients for soil and lower the impact on the environment.
http://data.europa.eu/esco/skill/4c6c52d6-f791-4202-b45a-96512ca5222e,skill/competence,occupation-specific,move animals,"move herd of animals
move the herd
herd animals
transfering animals
animal herding
moving animals
move grazing animals
transfering grazing animals
move a herd of animals
lead animals
animal transfering
moving grazing animals
transfer animals
herd moving
transfer grazing animals
animal moving",,released,2025-02-27T12:45:08.961Z,,,"http://data.europa.eu/esco/concept-scheme/skills,
http://data.europa.eu/esco/concept-scheme/member-skills",Move grazing animals between pastures to ensure that they have enough fresh grass to eat. Manage their journey and accommodation needs.
http://data.europa.eu/esco/skill/4c92e214-7749-46ee-a35d-d1c57dc4656c,skill/competence,occupation-specific,handle frozen semen,"thaw the straws of frozen semen
identify and handle frozen semen",,released,2024-02-09T17:29:16.725Z,,,"http://data.europa.eu/esco/concept-scheme/skills,
http://data.europa.eu/esco/concept-scheme/member-skills","Correctly identify, carefully handle and thaw the straws of frozen semen that have been kept in liquid nitrogen storage."
http://data.europa.eu/esco/skill/4ca83b9d-afa0-49f8-b7af-e4e6a42ad299,knowledge,sector-specific,crop production principles,"range of agricultural plant production principles
range of crop production principles
scope of crop production principles
principles in crop production
agricultural plant production principles
principles in agricultural plant production
scope of agricultural plant production principles",,released,2024-02-09T17:29:13.7Z,,,"http://data.europa.eu/esco/concept-scheme/skills,
http://data.europa.eu/esco/concept-scheme/green,
http://data.europa.eu/esco/concept-scheme/member-skills","Principles in growing crops, the natural cycle, nursing of nature, growth conditions and principles of organic and sustainable production. Quality criterias and requirements of seeds, plants and crop."
http://data.europa.eu/esco/skill/4d39b27a-b34f-4c89-8d46-df844d42f728,skill/competence,cross-sector,increase the impact of science on policy and society,"influence decision making based on scientific evidence
enhance the impact of science influence on policy and society
boost the contribution of science to shaping policies and society
enhance the influence of science on governance and communities","knowledge management for policy impact
report facts",released,2024-02-29T16:33:21.333Z,,,"http://data.europa.eu/esco/concept-scheme/skills,
http://data.europa.eu/esco/concept-scheme/member-skills,
http://data.europa.eu/esco/concept-scheme/research",Influence evidence-informed policy and decision making by providing scientific input to and maintaining professional relationships with policymakers and other stakeholders.
http://data.europa.eu/esco/skill/4e6cfb60-9579-4822-8a5e-424bc0c8835c,knowledge,cross-sector,animal welfare,"animal welfare needs
animal's welfare needs
knowledge of animal welfare",,released,2025-07-25T11:15:00.857Z,,,"http://data.europa.eu/esco/concept-scheme/skills,
http://data.europa.eu/esco/concept-scheme/member-skills","Universally recognized animal welfare needs as applied to species, situation and occupation. These are: need for a suitable environment need for a suitable diet need to be able to exhibit normal behaviour patterns need to be housed with, or apart, from other animals need to be protected from pain, suffering, injury and disease."
http://data.europa.eu/esco/skill/4f21fbb3-5b34-42b3-a6aa-46c24f1a2a83,skill/competence,sector-specific,monitor tree health,"monitoring health of tree
check health of trees
checking health of tree
checking tree health
check tree health
monitor health of trees
tree health monitoring
monitoring tree health
tree health checking",,released,2025-07-25T11:15:00.857Z,,,"http://data.europa.eu/esco/concept-scheme/skills,
http://data.europa.eu/esco/concept-scheme/member-skills","Monitor trees for pests and diseases, aiming to improve their health."
http://data.europa.eu/esco/skill/4f5c1208-62fd-4e5a-a51e-306c06947e11,skill/competence,cross-sector,manage findable accessible interoperable and reusable data,"ensure data availability
ensure data reusability
support data reuse in research
ensure corrected data storing",,released,2022-07-05T14:37:59.932Z,,,"http://data.europa.eu/esco/concept-scheme/skills,
http://data.europa.eu/esco/concept-scheme/member-skills,
http://data.europa.eu/esco/concept-scheme/research,
http://data.europa.eu/esco/concept-scheme/6c930acd-c104-4ece-acf7-f44fd7333036","Produce, describe, store, preserve and (re) use scientific data based on FAIR (Findable, Accessible, Interoperable, and Reusable) principles, making data as open as possible, and as closed as necessary."
http://data.europa.eu/esco/skill/4f6b656a-54d0-48ce-9b55-ebcac5904a14,skill/competence,sector-specific,handle geospatial technologies,"use global positioning systems
use geographical information systems
use GIS
geospatial technologies handling
handle geo-spatial technologies
use RS
handling geo-spatial technologies
use GPS
use remote sensing
geo-spatial technologies handling
handling geospatial technologies",,released,2024-02-09T17:29:11.47Z,,,"http://data.europa.eu/esco/concept-scheme/skills,
http://data.europa.eu/esco/concept-scheme/member-skills,
http://data.europa.eu/esco/concept-scheme/6c930acd-c104-4ece-acf7-f44fd7333036","Can use Geospatial Technologies which involve GPS (global positioning systems), GIS (geographical information systems), and RS (remote sensing) in the daily work."
http://data.europa.eu/esco/skill/4fabca9a-7435-4f33-b1da-3cdb00340fdc,skill/competence,cross-sector,perform scientific research,"performing scientific research
carry out scientific research
conduct scientific research
engage in scientific research",,released,2024-02-09T17:29:11.47Z,,,"http://data.europa.eu/esco/concept-scheme/skills,
http://data.europa.eu/esco/concept-scheme/member-skills,
http://data.europa.eu/esco/concept-scheme/research","Gain, correct or improve knowledge about phenomena by using scientific methods and techniques, based on empirical or measurable observations."
http://data.europa.eu/esco/skill/4fbfdcdb-85a2-420e-98ae-17092d4acc49,skill/competence,sector-specific,prevent crop disorders,"crop disorder treating
preventing crop disorders
treating crop disorders
treat crop disorders
crop disorders preventing
crop disorder preventing
crop disorders treating",,released,2024-02-09T17:29:11.47Z,,,"http://data.europa.eu/esco/concept-scheme/skills,
http://data.europa.eu/esco/concept-scheme/member-skills",Advise on how to prevent and limit particular crop disorders with the appropriate methods. Select corrective treatments.
http://data.europa.eu/esco/skill/50747cbd-5160-4f1b-a6a1-f03f87ab26f2,knowledge,occupation-specific,raisin grapes,"cultivation of raisin grapes
growing of raisin grapes
science of raisin grapes
types of raisin grapes
issues in raisin grape growing
techniques for raisin grape growing",,released,2024-02-09T17:29:11.47Z,,,"http://data.europa.eu/esco/concept-scheme/skills,
http://data.europa.eu/esco/concept-scheme/member-skills",The rules and conditions for growing raisin grapes: characteristics of the vine and growing regulations.
http://data.europa.eu/esco/skill/50ab7296-bc34-4cb1-9fdb-7cf7b6f80f9c,skill/competence,cross-sector,maintain work standards,"elaborate work standards
keep up with work standards
maintaining work skills and methods standards
maintain work skills and methods",,released,2024-02-09T17:29:12.952Z,,,"http://data.europa.eu/esco/concept-scheme/skills,
http://data.europa.eu/esco/concept-scheme/member-skills",Maintaining standards of work in order to improve and acquire new skills and work methods.
http://data.europa.eu/esco/skill/51097602-8e4e-4830-8f35-d77afc713fc0,skill/competence,sector-specific,prune hedges and trees,"hedges and trees cutting
hedges and trees pruning
cutting hedges and trees
pruning hedges and trees
hedge and tree cutting
hedge and tree pruning
cut hedges and trees
pruning of hedges and trees
cutting of hedges and trees",,released,2024-02-09T17:29:12.215Z,,,"http://data.europa.eu/esco/concept-scheme/skills,
http://data.europa.eu/esco/concept-scheme/member-skills","Cut and prune trees and hedges in ornemental forms, considering botanical and esthetical aspects."
http://data.europa.eu/esco/skill/5125b132-d1a9-41a4-95c3-91b0984e86b5,skill/competence,sector-specific,maintain ground,"maintain grounds
maintaining landscape
maintaining landscapes
maintaining grounds
maintain landscapes
maintaining ground
maintain landscape
landscape maintaining
ground maintaining
grounds maintaining
landscapes maintaining",,released,2024-02-09T17:29:12.215Z,,,"http://data.europa.eu/esco/concept-scheme/skills,
http://data.europa.eu/esco/concept-scheme/member-skills","Mow grass, rake leaves, and remove fallen limbs and trash. Remove weeds from landscapes in parks, greenways and other properties. Maintain the grounds and landscapes of private clients and businesses. Perform maintenance such as fertilising; spraying for weed and pest controls; planting, pruning and removing trees and shrubs; mow, trim, edge, cut and clean up uncontrolled weeds."
http://data.europa.eu/esco/skill/51754b8a-3e2c-4cc1-86e6-cf510d9c6fe4,skill/competence,cross-sector,use personal protection equipment,"oversee personal protection equipment
use equipment for personal protection
examine personal safety gear
oversee PPE",,released,2024-02-09T17:29:10.678Z,,,"http://data.europa.eu/esco/concept-scheme/skills,
http://data.europa.eu/esco/concept-scheme/member-skills","Make use of protection equipment according to training, instruction and manuals. Inspect the equipment and use it consistently."
http://data.europa.eu/esco/skill/518779a6-ea5d-4e4b-8029-8bc90b5bcb92,knowledge,sector-specific,agricultural business management,"principles of agricultural business operations
methods of agricultural business management
techniques of agricultural business operations
principles of agricultural business management
business management in agriculture
techniques of agricultural business management
business operations in agriculture
methods of agricultural business operations",,released,2023-01-27T17:13:35.602Z,,,"http://data.europa.eu/esco/concept-scheme/skills,
http://data.europa.eu/esco/concept-scheme/member-skills",The business principles behind agricultural production and the marketing of its products.
http://data.europa.eu/esco/skill/518dc04d-092d-4fa1-bd82-88b7a9278ef7,skill/competence,sector-specific,manage intellectual property rights,"manage copyrights
administer copyrights
administer intellectual property rights",,released,2024-02-26T16:26:56.216Z,,,"http://data.europa.eu/esco/concept-scheme/skills,
http://data.europa.eu/esco/concept-scheme/member-skills,
http://data.europa.eu/esco/concept-scheme/research",Deal with the private legal rights that protect the products of the intellect from unlawful infringement.
http://data.europa.eu/esco/skill/51b4a8c4-6af7-41b7-a68d-f3c2fd63c9ec,skill/competence,sector-specific,de-limb trees,"lop trees
lop tree branches
tree branch pruning
prune tree branches
tree branch lopping
tree pruning
prune trees
tree lopping
tree de-limbing
tree cutting to clear public access
cut trees to allow public access
fell trees to allow public access
fell trees to clear public access
cut trees to clear public access
remove tree limbs
tree limbs removing
trees de-limbing",,released,2025-07-31T09:44:46.321Z,,,"http://data.europa.eu/esco/concept-scheme/skills,
http://data.europa.eu/esco/concept-scheme/member-skills",De-limb trees ensuring that the quality is within specified limits with regard to health and safety regulations. Cut trees or parts of trees to clear the public access and electrical cables.
http://data.europa.eu/esco/skill/51f30679-bc69-4fc8-b456-d3e6a560fe0b,skill/competence,sector-specific,assist in transportation of animals,"help with transportation of animal
assist in animal transportation
assist in animal transport processes
support transportation of animals
help with transportation of animals
support with transportation of animals
assist with transferring animals
assist with help throughout transport process
assist in animal transportations
assist with animal transport process",,released,2024-02-09T17:29:09.009Z,,,"http://data.europa.eu/esco/concept-scheme/skills,
http://data.europa.eu/esco/concept-scheme/member-skills","Assist with the transportation of animals, including the loading and unloading of animals, the preparation of the transport vehicle, and maintaining the wellbeing of the animal throughout the transport process."
http://data.europa.eu/esco/skill/521346cd-f6b7-4dfc-aad5-7a17fd9b27a3,skill/competence,sector-specific,work in a land-based team,"land-based team work
collaborating in land-based activities
working in a land-based team
land-based team working
collaborate in land-based machinery activities
collaborating in land-based machinery activities
collaborate in land-based activities
collaborating in landscaping activities
collaborate in landscaping activities",,released,2024-02-09T17:29:09.851Z,,,"http://data.europa.eu/esco/concept-scheme/skills,
http://data.europa.eu/esco/concept-scheme/member-skills",Collaborate with others in a team for land-based machinery activities regarding services for agricultural production and landscaping.
http://data.europa.eu/esco/skill/53103efa-a525-4a5b-81e5-282c4331e72c,skill/competence,sector-specific,programme work according to incoming orders,"allocate resources according to volume of work and availability
assign work tasks according to availability of resources
program work according to incoming orders
schedule work tasks according to availability of resources
scheduling activities considering volume of work and availability of resources
perform scheduling activities considering volume of work and availability of resources
undertake scheduling activities considering availability of resources and volume of work
programme work tasks according to resource availability
assign work tasks according to resource availability
schedule work according to availability of resources
programme work according to availability of resources
perform scheduling activities considering availability of resources and volume of work",,released,2025-04-16T11:38:27.205Z,,,"http://data.europa.eu/esco/concept-scheme/skills,
http://data.europa.eu/esco/concept-scheme/member-skills","Schedule tasks based on incoming work. Anticipate the total amount of resources required to complete the work and assign them accordingly. Assess the required working hours, pieces of equipment, and workforce needed taking into account the available resources."
http://data.europa.eu/esco/skill/540e80b9-0e1e-4842-a9d8-e46804e567f0,skill/competence,sector-specific,provide care for horses,"preparing horses
providing horses with care
care providing for horses
look after horses
care for horses
providing care for horses
looking after horses
horse care providing
caring for horses
prepare horses
provide horses with care",,released,2024-02-09T17:29:12.952Z,,,"http://data.europa.eu/esco/concept-scheme/skills,
http://data.europa.eu/esco/concept-scheme/member-skills","Provide care for horses includes cleaning, housing, preparing horses and ponies for riding, fixating and leading horses, taking into account the safety regulations for horses and people and the specific requirements of horse at hand, using proper methods and equine tools and equipment."
http://data.europa.eu/esco/skill/541561bc-510c-4a99-881c-2d8bf5a85462,skill/competence,cross-sector,use technical drawing software,"design creation using specialist software
design using specialist software
design with specialist software
using of technical drawing software
usage of technical drawing software
technical drawing software usage
designing using specialist software
use of technical drawing software
designing with specialist software
create designs with specialist software
using technical drawing software",,released,2024-02-09T17:29:10.678Z,,,"http://data.europa.eu/esco/concept-scheme/skills,
http://data.europa.eu/esco/concept-scheme/member-skills,
http://data.europa.eu/esco/concept-scheme/6c930acd-c104-4ece-acf7-f44fd7333036",Create technical designs and technical drawings using specialised software.
http://data.europa.eu/esco/skill/546aaf54-8f69-4573-837c-b60e00327edc,skill/competence,sector-specific,provide first aid to animals,"supply first aid to animals
provide 1st aid to animals
provide basic emergency treatment to animals
provide emergency treatment to animals
provide emergency care to animal
provide emergency treatment to animal
provide animal emergency care
accord first aid to animal
provide emergency care to animals
supply first aid to animal
accord first aid to animals",,released,2024-02-09T17:29:12.952Z,"Administer emergency treatment to prevent deterioration of the condition, suffering and pain until veterinary assistance can be sought.",,"http://data.europa.eu/esco/concept-scheme/skills,
http://data.europa.eu/esco/concept-scheme/member-skills","Administer emergency treatment to prevent deterioration of the condition, suffering and pain until veterinary assistance can be sought. Basic emergency treatment needs to be done by non-veterinarians prior to first-aid provided by a veterinarian. Non-veterinarians providing emergency treatment are expected to seek treatment by a veterinarian as soon as possible."
http://data.europa.eu/esco/skill/54d68400-9da3-4077-a7ee-52e68b390ef6,skill/competence,cross-sector,follow written instructions,"complete tasks according to written instructions
carry out tasks in accordance with written directions
perform procedures according to written directions
adhere to written directions
follow written directions
adhere to written instructions
follow guidebook
follow manual
execute tasks in accordance with written instructions
perform tasks according to written instructions",,released,2024-02-09T17:29:10.678Z,,,"http://data.europa.eu/esco/concept-scheme/skills,
http://data.europa.eu/esco/concept-scheme/member-skills",Follow written directions in order to perform a task or carry out a step-by-step procedure.
http://data.europa.eu/esco/skill/55098446-96cd-4858-bc6c-2667230b0a88,skill/competence,sector-specific,prepare containers for beverage fermentation,"arrange containers for beverage fermentation
preparing containers for beverage fermentation
prepare a container for beverage fermentation
identify containers for beverage fermentation
provide containers for beverage fermentation
lay out containers for beverage fermentation",,released,2024-02-09T17:29:15.968Z,,,"http://data.europa.eu/esco/concept-scheme/skills,
http://data.europa.eu/esco/concept-scheme/member-skills",Prepare containers for beverage fermentation according to the type of beverage to be produced. This includes the qualities that the different kinds of containers can give to the final product.
http://data.europa.eu/esco/skill/550ed2f5-be07-4fee-9dbc-0299209a933a,skill/competence,sector-specific,identify plants characteristics,"identifying crop characteristics
identifying plants characteristics
identifying characteristics of plants
identify crop characteristics
plants characteristics identifying
identifying characteristics of crops
crop characteristics identifying",,released,2025-07-25T11:15:00.857Z,,,"http://data.europa.eu/esco/concept-scheme/skills,
http://data.europa.eu/esco/concept-scheme/member-skills","Identify and classify crop characteristics. Be able to recognise different types of bulbs by name, graded sizes, field markings and stock markings."
http://data.europa.eu/esco/skill/55116536-a3e0-4c32-818d-cc567fd3023e,skill/competence,sector-specific,minimize risks in tree operations,"evaluate tree operations for implied hazards
assessing tree operations for implied hazards
assessing risks implied in tree operations
assess implied hazards in tree operations
perform safe tree operations
assess hazards implied in tree operations
evaluating tree operations for implied hazards
assessing hazards implied in tree operations
assess tree operations for implied hazards
assessing implied hazards in tree operations
assess risks implied in tree operations
evaluate implied hazards in tree operations
evaluating implied hazards in tree operations",,released,2023-05-05T16:16:57.85Z,,,"http://data.europa.eu/esco/concept-scheme/skills,
http://data.europa.eu/esco/concept-scheme/green,
http://data.europa.eu/esco/concept-scheme/member-skills","Evaluate risks and hazards, perform efficient actions in order to minimize risks and to restore the trees to their orginal state or to replant new ones."
http://data.europa.eu/esco/skill/5548401e-dbe9-4603-9917-1c8b3e0ad4ad,knowledge,sector-specific,soil mechanics,"soil science
soil behaviours
physical properties of soil
geotechnical engineering
physical characteristics of soil
soil physics
soil analysis
soil characteristics",,released,2024-02-09T17:29:14.494Z,,,"http://data.europa.eu/esco/concept-scheme/skills,
http://data.europa.eu/esco/concept-scheme/member-skills",Thoroughly understand the characteristics of soil in relation to analysing the deformations of fluids within soil that supports man-made structures.
http://data.europa.eu/esco/skill/556be6f4-225f-46a2-a795-d3d54d98c3f7,skill/competence,cross-sector,conduct workplace audits,"conduct audits and inspections
carry out audits and verify compliance at the work
conduct an audit at work
conduct auditing at the workplace",,released,2024-02-09T17:29:09.851Z,,,"http://data.europa.eu/esco/concept-scheme/skills,
http://data.europa.eu/esco/concept-scheme/member-skills",Conduct work site audits and inspections in order to ensure compliance with rules and regulations.
http://data.europa.eu/esco/skill/55afbf84-8230-4d0c-a859-abeacd8d5636,skill/competence,occupation-specific,remove cotton from bale presser,"processed cotton removal from bale presser
unload cotton from bale presser
cotton removal from bale presser
unload processed cotton from bale presser
remove processed cotton from bale presser",,released,2024-02-09T17:29:15.235Z,,,"http://data.europa.eu/esco/concept-scheme/skills,
http://data.europa.eu/esco/concept-scheme/member-skills",Remove processed seed free cotton from the bale pressers while ensuring adequate quality level of the output.
http://data.europa.eu/esco/skill/55b656ad-ee08-443a-924d-a2608439df92,skill/competence,sector-specific,perform tree thinning,"undertake tree thinning
tree thinning performing
performing thinning of tree stand
tree thinning undertaking
performing tree thinning
undertake thinning of tree stand
undertaking tree thinning
undertaking thinning of tree stand
perform thinning of tree stand",,released,2024-02-09T17:29:12.952Z,,,"http://data.europa.eu/esco/concept-scheme/skills,
http://data.europa.eu/esco/concept-scheme/member-skills","Removing some trees from a stand in order to improve tree health, timber value and production."
http://data.europa.eu/esco/skill/56042303-972b-41be-9310-58467599ff7e,skill/competence,cross-sector,analyse business processes,"assess business operations
monitor business processes
study the contribution of work processes to business goals
evaluate business processes",,released,2024-03-01T08:08:47.147Z,,,"http://data.europa.eu/esco/concept-scheme/skills,
http://data.europa.eu/esco/concept-scheme/member-skills",Study the contribution of the work processes to the business goals and monitor their efficiency and productivity.
http://data.europa.eu/esco/skill/568d0200-796c-4a25-b3fd-5bc76043d47f,knowledge,sector-specific,transportation vehicles for horses,"types of horseboxes
types of transportation vehicles for horses
characteristics of transportation vehicles for horses
horseboxes
range of transportation vehicles for horses
range of horseboxes
typology of transportation vehicles for horses
typology of horseboxes
characteristics of horseboxes",,released,2024-02-09T17:29:12.952Z,,,"http://data.europa.eu/esco/concept-scheme/skills,
http://data.europa.eu/esco/concept-scheme/member-skills",Types of transportation vehicles for horses and their safe methods of using.
http://data.europa.eu/esco/skill/568e4759-c698-4879-a6c2-708b4e6a0dc7,skill/competence,sector-specific,manage farm products,"farm product managing
farm products managing
managing farm production
managing farm products
optimise farm production
farm production managing
manage farm production",,released,2024-02-09T17:29:09.009Z,,,"http://data.europa.eu/esco/concept-scheme/skills,
http://data.europa.eu/esco/concept-scheme/member-skills","Manage the farm products by making contracts with customers and business partners to ensure the optimal production, taking into account the farms production plans and purpose."
http://data.europa.eu/esco/skill/56f2e4f6-0014-4355-aac7-b86cad486043,knowledge,occupation-specific,pesticides sprayers,"pesticides sprayer
pesticides dispensers
pesticide sprayers",,released,2024-02-09T17:29:15.235Z,,,"http://data.europa.eu/esco/concept-scheme/skills,
http://data.europa.eu/esco/concept-scheme/member-skills","Types of equipment used to spray pesticides, manipulated both manually, such as hand-operated rotary and drop spreaders, and mechanically."
http://data.europa.eu/esco/skill/58bacbcf-2b82-4716-959e-ac529120342d,skill/competence,occupation-specific,evaluate animal pregnancy,"assess animal pregnancy
assess condition of pregnant animals
perform analyses of pregnant animals
conduct animal pregnancy analyses
execute animal pregnancy assessments
evaluate condition of pregnant animals
perform evaluations of pregnant animals
analyse animal pregnancy
perform animal pregnancy evaluations
make assessments of pregnant animals
analyse condition of pregnant animals",,released,2024-02-09T17:29:15.968Z,,,"http://data.europa.eu/esco/concept-scheme/skills,
http://data.europa.eu/esco/concept-scheme/member-skills","Perform pregnancy evaluation using common methods such as using on-farm milk progesterone test, treatment of non-pregnant cows with prostaglandin, and pregnancy diagnosis by uterine palpation. Check and confirm pregnancy and take appropriate action in relation to husbandry and reporting requirements."
http://data.europa.eu/esco/skill/59c6dc6f-11d3-4e15-8009-e27292662b9e,skill/competence,occupation-specific,breed horses,"managing horse breeding
supervise breeding of horses
horse breeding managing
manage horse breeding
managing breeding of horses
supervise horse breeding
supervising horse breeding
supervising breeding of horses
horse breeding supervising
manage breeding of horses",,released,2021-12-10T11:43:13.638Z,,,"http://data.europa.eu/esco/concept-scheme/skills,
http://data.europa.eu/esco/concept-scheme/member-skills","Operate a suitable environment for horse breeding. Select and prepare the appropriate habitats for specific kinds of horses. Monitor the horse's growth and health and ensure correct feeding. Determinate when the horses are ready for trade, training or other purposes."
http://data.europa.eu/esco/skill/59ea80e1-463a-4dba-82c6-d0b6d577d532,knowledge,cross-sector,technical drawings,"technical drawing
scientific drawings
specialised drawings
mechanical drawings",,released,2023-12-04T16:27:19.445Z,,,"http://data.europa.eu/esco/concept-scheme/skills,
http://data.europa.eu/esco/concept-scheme/member-skills,
http://data.europa.eu/esco/concept-scheme/6c930acd-c104-4ece-acf7-f44fd7333036","Drawing software and the various symbols, perspectives, units of measurement, notation systems, visual styles and page layouts used in technical drawings."
http://data.europa.eu/esco/skill/5a8d4d8c-ff64-4f82-945e-ec6f56e05cbe,skill/competence,sector-specific,supervise hygiene procedures in agricultural settings,"enforcing hygiene procedures in agricultural settings
enforce agricultural hygiene procedures
supervising agricultural hygiene procedures
enforcing agricultural hygiene procedures
supervise agricultural hygiene procedures
hygiene procedures enforcing in agricultural settings
supervising hygiene procedures in agricultural settings
enforce hygiene procedures in agricultural settings
hygiene procedures supervising in agricultural settings",,released,2024-02-09T17:29:12.215Z,,,"http://data.europa.eu/esco/concept-scheme/skills,
http://data.europa.eu/esco/concept-scheme/member-skills","Ensure that hygiene procedures in agricultural settings are followed, taking into account the regulations of specific areas of action e.q. livestock, plants, local farm products, etc."
http://data.europa.eu/esco/skill/5b1d43d1-e063-4d07-8ba1-6f08d4e46279,skill/competence,sector-specific,feed livestock,"livestock feeding
livestock feed ration calculating
livestock feed rations calculating
calculating livestock feed rations
feeding livestock
calculate livestock feed rations",,released,2024-02-09T17:29:16.725Z,,,"http://data.europa.eu/esco/concept-scheme/skills,
http://data.europa.eu/esco/concept-scheme/member-skills","Calculate feed rations for all stages of growth and prepare, distribute and control quality of fodder."
http://data.europa.eu/esco/skill/5b620e5e-421c-432c-864f-eabe8bb0688c,skill/competence,sector-specific,tend air-cleaning system,"mind air-cleaning system
tending air-cleaning system
watch air-cleaning system
tend air-cleaning systems
look after air-cleaning system
take care of air-cleaning system",,released,2024-02-09T17:29:15.968Z,,,"http://data.europa.eu/esco/concept-scheme/skills,
http://data.europa.eu/esco/concept-scheme/member-skills",Operate machine that carries beans and grains through air-cleaning system to remove foreign matter.
http://data.europa.eu/esco/skill/5b6abc4b-0cfe-4178-845d-479da3d2d699,knowledge,sector-specific,pesticides,"chemical pest control and the environment
impact of pesticides
characteristics of pesticides
environmental impact of pesticides
types of pesticides
typology of pesticides
impact of pesticides on the environment
range of pesticides",,released,2024-02-09T17:29:11.47Z,,,"http://data.europa.eu/esco/concept-scheme/skills,
http://data.europa.eu/esco/concept-scheme/member-skills",Types of chemical characteristics of pesticides and their adverse human and environmental effects.
http://data.europa.eu/esco/skill/5ba1d5b9-3f8d-46ca-bf9f-2e9ca65d1350,skill/competence,cross-sector,apply HACCP,"utilise HACCP
implement HACCP
employ HACCP
administer HACCP
applying HACCP",,released,2024-02-09T17:29:15.235Z,"There are countries that adopt their own national regulations such as the British standard and/or international ones as well: International Features Standards (IFS). In these cases, producers should comply with international standards also.",,"http://data.europa.eu/esco/concept-scheme/skills,
http://data.europa.eu/esco/concept-scheme/member-skills",Apply regulations regarding manufacture of food and food safety compliance. Employ food safety procedures based on Hazard Analysis Critical Control Points (HACCP).
http://data.europa.eu/esco/skill/5bc9fb93-6591-4e48-ad51-20a2055ce620,skill/competence,sector-specific,load picked fruits and vegetables,"picked fruits and vegetables collecting
picked fruit and vegetable collecting
collect picked fruits and vegetables
picked fruits and vegetables loading
loading picked fruits and vegetables
collecting picked fruits and vegetables
picked fruit and vegetable loading",,released,2024-02-09T17:29:09.009Z,,,"http://data.europa.eu/esco/concept-scheme/skills,
http://data.europa.eu/esco/concept-scheme/member-skills","Load picked fruit and vegetables into a container of the appropriate size, taking care to avoid damage."
http://data.europa.eu/esco/skill/5c7340b9-3ab5-46bc-af5e-ed737e57df6d,skill/competence,cross-sector,follow up complaint reports,"investigate complaint reports
follow up on complaints
develop solutions in response to complaints
follow up on reports of complaints
chase up reports of complaints
act in response to complaint or accident reports
investigate complaints
respond to complaint or accident reports
pursue complaint reports
address complaint reports",,released,2024-02-09T17:29:11.47Z,,,"http://data.europa.eu/esco/concept-scheme/skills,
http://data.europa.eu/esco/concept-scheme/member-skills",Follow up complaints or accident reports in order to take adequate measures to solve problems. Contact the relevant authorities or internal staff to provide solutions in various situations.
http://data.europa.eu/esco/skill/5d7e0ecb-350a-4a49-8e2d-1f1d9c98d43f,skill/competence,occupation-specific,advise on plant mineral nutrition,"plant mineral nutrition advising
advising on plant growth
mineral nutrition of plants advising
plant growth advising
advising on plant mineral nutrition
advise on plant growth",,released,2024-02-09T17:29:15.968Z,,,"http://data.europa.eu/esco/concept-scheme/skills,
http://data.europa.eu/esco/concept-scheme/member-skills","Advise on protocols for plant growth parameters, content and composition of ions, soil analysis, flux measurement and high throughput analysis through public facilities."
http://data.europa.eu/esco/skill/5dfd1b83-8b77-444b-94cd-72f8e13472fa,knowledge,cross-sector,legislation in agriculture,"regulation of agriculture
land-based industry legislation
land-based industries statutes
land-based industries rules
agricultural legislation
regulation of land-based industries
agricultural statutes
agriculture rules",,released,2024-02-09T17:29:16.725Z,,,"http://data.europa.eu/esco/concept-scheme/skills,
http://data.europa.eu/esco/concept-scheme/green,
http://data.europa.eu/esco/concept-scheme/member-skills","Body of regional, national and European laws enacted in the field of agriculture and forestry concerning various issues such as product quality, environmental protection and trade."
http://data.europa.eu/esco/skill/5eafee30-f3b6-4cd6-baf8-517bb2f3d625,knowledge,cross-sector,agronomical production principles,"principles of agronomy
methods in agronomy
techniques in agronomy
principles of agricultural production
methods of agricultural production
techniques in agricultural production",,released,2024-02-09T17:29:15.235Z,,,"http://data.europa.eu/esco/concept-scheme/skills,
http://data.europa.eu/esco/concept-scheme/member-skills","The techniques, methods and principles of conventional agronomical production."
http://data.europa.eu/esco/skill/5eeb7584-1242-48c1-ba60-c578b8d47a02,skill/competence,occupation-specific,ensure flock safety,"flock safety ensuring
protect flocks
ensuring flock safety
flock protecting
protect flock
protecting flocks
flocks protecting
ensuring safety of flock
ensure safety of flock
protecting flock",,released,2024-02-09T17:29:11.47Z,,,"http://data.europa.eu/esco/concept-scheme/skills,
http://data.europa.eu/esco/concept-scheme/member-skills",Protect the flock from wolves and other predators. Keep them from eating harmful plants.
http://data.europa.eu/esco/skill/5f0082ab-2131-49b5-94d6-a1821daf57d6,skill/competence,cross-sector,apply for research funding,"apply for research grants
draft research grants applications
identify research grants
generate research funding",,released,2020-12-11T12:35:49.19Z,,,"http://data.europa.eu/esco/concept-scheme/skills,
http://data.europa.eu/esco/concept-scheme/member-skills,
http://data.europa.eu/esco/concept-scheme/research",Identify key relevant funding sources and prepare research grant application in order to obtain funds and grants. Write research proposals.
http://data.europa.eu/esco/skill/5f95f9c9-30ee-4735-ab63-8045ec8f78f8,knowledge,sector-specific,agricultural equipment,"equipment for agricultural use
agricultural machines
agricultural devices
agricultural machinery
agricultural apparatus",,released,2024-02-09T17:29:09.851Z,,,"http://data.europa.eu/esco/concept-scheme/skills,
http://data.europa.eu/esco/concept-scheme/member-skills","The offered agricultural machinery and equipment products, their functionalities, properties and legal and regulatory requirements."
http://data.europa.eu/esco/skill/5f97fac8-2001-4b81-ae8b-22f9062d921a,skill/competence,cross-sector,identify hazards in the workplace,"diagnose hazards in the workplace
classify hazards in the workplace
identify a hazard in the workplace
find hazards in the workplace",,released,2024-02-09T17:29:15.968Z,,,"http://data.europa.eu/esco/concept-scheme/skills,
http://data.europa.eu/esco/concept-scheme/member-skills",Perform safety audits and inspections on workplaces and workplace equipment. Ensure that they meet safety regulations and identify hazards and risks.
http://data.europa.eu/esco/skill/5fd6c193-93c6-4f2d-bf9b-e0debb851f2d,knowledge,sector-specific,collection management software,"collection software management
collections management software
collection information system
collection management and archive software",,released,2024-02-09T17:29:16.725Z,,,"http://data.europa.eu/esco/concept-scheme/skills,
http://data.europa.eu/esco/concept-scheme/member-skills,
http://data.europa.eu/esco/concept-scheme/6c930acd-c104-4ece-acf7-f44fd7333036",Be familiar with specialised collection management software used to document and keep record of the museum collection.
http://data.europa.eu/esco/skill/60025a41-0609-4629-b054-88d9ee2cffcf,skill/competence,sector-specific,monitor grounds maintenance,"grounds maintenance monitoring
monitoring grounds maintenance
oversee grounds maintenance
overseeing maintenance of grounds
monitoring maintenance of grounds
grounds maintenance overseeing
overseeing grounds maintenance
monitor maintenance of grounds
oversee maintenance of grounds",,released,2024-02-09T17:29:13.7Z,,,"http://data.europa.eu/esco/concept-scheme/skills,
http://data.europa.eu/esco/concept-scheme/member-skills","Supervise ground operations, such as mulching, weeding, bush-hogging, sweeping all walk areas, removing snow, repairing fences, and picking up trash."
http://data.europa.eu/esco/skill/609d6bb4-db16-4578-87fc-57b11a701cc2,knowledge,cross-sector,bioeconomy,"bio-based economy
biotechonomy
biorefinery",,released,2023-04-04T08:21:32.697Z,,,"http://data.europa.eu/esco/concept-scheme/skills,
http://data.europa.eu/esco/concept-scheme/green,
http://data.europa.eu/esco/concept-scheme/member-skills","The production of renewable biological resources and the conversion of these resources and waste streams into value added products, such as food, feed, bio-based products and bioenergy."
http://data.europa.eu/esco/skill/60ac9cee-9ece-4c2c-ad16-d94a51127976,skill/competence,sector-specific,breed stock,"raise livestock
breed cattle
cattle breeding
stock breeding
livestock breeding
breed livestock
raising livestock
raise stock",,released,2024-02-09T17:29:10.678Z,,,"http://data.europa.eu/esco/concept-scheme/skills,
http://data.europa.eu/esco/concept-scheme/member-skills","Breed and raise livestock such as cattle, poultry, and honeybees. Use recognised breeding practices to strive for continuous improvement in the livestock."
http://data.europa.eu/esco/skill/60c4cdfa-1aa3-452d-a989-10fd61706911,knowledge,sector-specific,European pesticide legislation,"European pesticide laws
European pesticide rules
European legislation for pesticides
EU pesticide legislation
European pesticides legislation
European pesticide regulations",,released,2024-02-09T17:29:16.725Z,,,"http://data.europa.eu/esco/concept-scheme/skills,
http://data.europa.eu/esco/concept-scheme/green,
http://data.europa.eu/esco/concept-scheme/member-skills",The EU framework for community action which promotes the sustainable use of pesticides.
http://data.europa.eu/esco/skill/60d2cd1f-e1ab-436a-8909-24cb5366b767,skill/competence,sector-specific,check bottles for packaging,"checking bottles for packaging
check a bottle for packaging
audit bottles for packaging
test bottles for packaging
assess bottles for packaging",,released,2024-02-09T17:29:11.47Z,,,"http://data.europa.eu/esco/concept-scheme/skills,
http://data.europa.eu/esco/concept-scheme/member-skills",Check bottles for packaging. Apply bottle testing procedures to verify if the bottle is fit for containing food and beverage products. Follow legal or company specifications for bottling.
http://data.europa.eu/esco/skill/60e0ed61-6340-4372-984a-416d1fe0010c,knowledge,sector-specific,physiology of animals,"study of the physical functioning of animals
animal physiology
fundamentals of animal physiology
study of animal physiology
physiology of an animal",,released,2024-02-09T17:29:10.678Z,,,"http://data.europa.eu/esco/concept-scheme/skills,
http://data.europa.eu/esco/concept-scheme/member-skills","The study of the mechanical, physical, bioelectrical and biochemical functioning of animals, their organs and their cells."
http://data.europa.eu/esco/skill/6122d586-5978-431f-8e7a-96e61fc1f3fc,skill/competence,cross-sector,wear appropriate protective gear,"turn out in appropriate protective gear
put on necessary safety clothing
clothe in appropriate protective gear
turn out in necessary safety clothing
put on appropriate protective gear
don appropriate protective gear
don necessary safety clothing
clothe in necessary safety clothing",,released,2024-02-09T17:29:09.009Z,,,"http://data.europa.eu/esco/concept-scheme/skills,
http://data.europa.eu/esco/concept-scheme/member-skills","Wear relevant and necessary protective gear, such as protective goggles or other eye protection, hard hats, safety gloves."
http://data.europa.eu/esco/skill/619f7f8b-5141-4e4d-a1fa-1d5308e656da,skill/competence,sector-specific,enforce sanitation procedures,"ensure standards of sanitation
sanitation procedures enforcing
enforce procedures for sanitation
maintaining standards of sanitation
maintain standards of sanitation
ensuring standards of sanitation
enforcing sanitation procedures",,released,2024-02-09T17:29:12.952Z,,,"http://data.europa.eu/esco/concept-scheme/skills,
http://data.europa.eu/esco/concept-scheme/member-skills",Ensure standards of sanitation and cleanliness essential to effective control of fungi and other parasites under intensive culture conditions. Obtain uncontaminated fish and eggs by strict sanitary procedures and avoidance of carrier fish. Supervise the isolation and identification of the agent with specific immune antiserum.
http://data.europa.eu/esco/skill/61bef658-d7f9-4759-b1b0-0f9cb3bc581a,knowledge,cross-sector,biotechnology,"bio-science
science of biotechnology
bio-technology
bio-tech
science of bioscience
field of bio-science
science of bio-science
field of bio-technology
field of bioscience
field of biotechnology
science of bio-technology",,released,2024-02-09T17:29:12.215Z,,,"http://data.europa.eu/esco/concept-scheme/skills,
http://data.europa.eu/esco/concept-scheme/member-skills","The technology that uses, modifies or harnesses biological systems, organisms and cellular components to develop new technologies and products for specific uses."
http://data.europa.eu/esco/skill/61d9ad65-6a78-4c72-9824-aeca20d9a102,skill/competence,cross-sector,maintain machinery,"manage machinery
maintain a machine
adjust machinery
maintaining machinery
administer machinery
maintain machine
repair and maintain machinery
oversee machinery",,released,2024-02-09T17:29:11.47Z,,,"http://data.europa.eu/esco/concept-scheme/skills,
http://data.europa.eu/esco/concept-scheme/member-skills","Maintain machinery and equipment in order to ensure that it is clean and in safe, working order. Perform routine maintenance on equipment and adjust or repair when necessary, using hand and power tools. Replace defective parts components or systems."
http://data.europa.eu/esco/skill/624fd970-2877-4290-9c01-0dedd5735bfe,knowledge,sector-specific,greenhouse types,"characteristics of horticultural facilities
functions of horticultural facilities
characteristics of greenhouse types
functions of greenhouse types
range of horticultural facilities
features of horticultural facilities
features of greenhouse types
range of greenhouse types",,released,2024-02-09T17:29:14.494Z,,,"http://data.europa.eu/esco/concept-scheme/skills,
http://data.europa.eu/esco/concept-scheme/member-skills","Different types of greenhouses (plastic, glass) and other horticultural facilities such as hotbed, seedbed, irrigations systems, storage and protective facilities etc."
http://data.europa.eu/esco/skill/62d227f1-3765-42f9-ab47-aaf8f7b423e8,skill/competence,sector-specific,monitor wildlife,"monitoring wildlife
observe wildlife
monitor wild-life
watch wildlife",,released,2024-02-09T17:29:10.678Z,,,"http://data.europa.eu/esco/concept-scheme/skills,
http://data.europa.eu/esco/concept-scheme/member-skills",Conduct fieldwork to observe wildlife.
http://data.europa.eu/esco/skill/62d34066-f07a-4437-914b-0548ba8bbe59,skill/competence,cross-sector,monitor conveyor belt,"watch over conveyor belt
supervise conveyor belt
oversee production line
guard conveyor belt
oversee conveyor belt
guard production line
watch over production line
supervise production line",,released,2024-02-09T17:29:11.47Z,,,"http://data.europa.eu/esco/concept-scheme/skills,
http://data.europa.eu/esco/concept-scheme/member-skills",Monitor the flow of the work pieces on the conveyor belt as they are processed by the machine to ensure optimal productivity.
http://data.europa.eu/esco/skill/63d22ad4-b8f9-4910-862f-febfdc2e7f5b,skill/competence,occupation-specific,apply horticultural standards and practices,"applying horticultural standards and practices
implement horticultural standards and practices
implement standards and practices in horticulture
implementing horticultural standards and practices
implementing standards and practices in horticulture
applying standards and practices in horticulture
horticultural standards and practices implementing
horticultural standards and practices applying
apply standards and practices in horticulture",,released,2024-02-09T17:29:15.235Z,,,"http://data.europa.eu/esco/concept-scheme/skills,
http://data.europa.eu/esco/concept-scheme/member-skills","Establishes and maintains high horticultural standards and practices; providing direction, training and motivation for the horticultural staff, interns and volunteers."
http://data.europa.eu/esco/skill/64a84114-60d6-4f6b-8691-865cdf9b97d1,skill/competence,sector-specific,clean horse's legs,"cleaning horse's legs
wash legs of a horse
washing horse's legs
horse's legs washing
wash horse's legs
clean legs of a horse
washing legs of a horse
horse's legs cleaning
cleaning legs of a horse",,released,2024-02-09T17:29:13.7Z,,,"http://data.europa.eu/esco/concept-scheme/skills,
http://data.europa.eu/esco/concept-scheme/member-skills",Wash and brush the legs of a horse. Keep an antifungal treatment cream or spray on hand to take care of infections as soon as they arise.
http://data.europa.eu/esco/skill/64c626b1-0078-4958-bbde-86b5cf2b18fa,skill/competence,sector-specific,prepare equipment for harvest,"prepare harvesting equipment
maintain harvesting equipment
preparing harvesting equipment
maintaining equipment for harvest
preparing equipment for harvest
maintain equipment for harvest
maintaining harvesting equipment",,released,2024-02-09T17:29:12.952Z,,,"http://data.europa.eu/esco/concept-scheme/skills,
http://data.europa.eu/esco/concept-scheme/member-skills","Prepare the equipment for harvest. Supervise the smooth running of high pressure cleaning equipment, heating or air conditioning and the temperature of premises. Carry out the smooth running of tractors and other vehicles."
http://data.europa.eu/esco/skill/66490e5a-c136-4fe7-9d95-2356fef9cafd,knowledge,sector-specific,breed-specific behaviour of horses,"typology of species-specific behaviour of horses
range of species-specific behaviour of horses
breed-specific behavior of horses
types of species-specific behaviour of horses
typology of breed-specific behaviour of horses
range of breed-specific behaviour of horses
types of breed-specific behaviour of horses",,released,2017-01-03T14:35:12Z,,,"http://data.europa.eu/esco/concept-scheme/skills,
http://data.europa.eu/esco/concept-scheme/member-skills",The behaviour and specificities of different horse species.
http://data.europa.eu/esco/skill/66ea3249-a079-45ad-b4f2-e6a79b59f10f,knowledge,cross-sector,personal protective equipment,"personal protection equipment
equipment for personal protection",,released,2025-04-03T09:26:40.468Z,,,"http://data.europa.eu/esco/concept-scheme/skills,
http://data.europa.eu/esco/concept-scheme/member-skills",Types of protective materials and equipment foreseen for various types of tasks such as general or specialised cleaning activities.
http://data.europa.eu/esco/skill/67ba7f39-1ebc-4d71-ba11-5804a1712ff3,skill/competence,sector-specific,analyse samples of food and beverages,"assess a sample of food
assess food samples
analysing food and beverages samples
test sample of food and beverages
assess a food sample
judge food samples
check food samples
appraise food samples
test food samples
inspect sample of food and beverages
investigate sample of food and beverages
analyse of food and beverages sample
evaluate sample of food and beverages
analyze samples of food and beverages",,released,2024-01-11T16:35:47.571Z,,,"http://data.europa.eu/esco/concept-scheme/skills,
http://data.europa.eu/esco/concept-scheme/member-skills",Examine if food or beverages are safe for human consumption. Verify the right levels of key ingredients and the correctness of the label declarations and the levels of nutrients present. Ensure samples of food and beverages comply to specific standards or procedures.
http://data.europa.eu/esco/skill/682fa4bb-6a54-46e9-bb82-7ccbf64ade00,knowledge,sector-specific,wine fermentation process,"wine fermentation measures
wine fermentation procedures
wine fermentation systems
wine fermentation processes
fermentation of wine process
wine fermentation mechanisms",,released,2024-02-09T17:29:09.009Z,,,"http://data.europa.eu/esco/concept-scheme/skills,
http://data.europa.eu/esco/concept-scheme/member-skills","Process of fermentation of wine, which involves the different steps to be followed, the time lapses in the process and the parameters of the product."
http://data.europa.eu/esco/skill/68a8fc55-1755-40c0-ad3c-ef6371254159,knowledge,sector-specific,plant care products,"plant care product
plant care stock
plant care merchandise
plant care goods
plant care brands
plant care commodities
a plant care product",,released,2024-02-09T17:29:14.494Z,,,"http://data.europa.eu/esco/concept-scheme/skills,
http://data.europa.eu/esco/concept-scheme/member-skills","The variety of products used to treat and invigorate plants such as fertilizers, sprayers, etc."
http://data.europa.eu/esco/skill/691c7db6-bad8-4a09-a3c4-4bf799375a35,knowledge,sector-specific,sustainable agricultural production principles,"conditions of organic agricultural production
agricultural production principles
principles for organic agricultural production
scope of organic agricultural production principles
conditions for organic agricultural production
conditions for sustainable agricultural production
principles of organic agricultural production
scope of organic agricultural production conditions",,released,2021-03-17T14:02:11.172Z,,,"http://data.europa.eu/esco/concept-scheme/skills,
http://data.europa.eu/esco/concept-scheme/green,
http://data.europa.eu/esco/concept-scheme/member-skills",Principles and conditions of organic and sustainable agricultural production.
http://data.europa.eu/esco/skill/6b29b77f-7265-4dae-8309-78077f99ab60,skill/competence,sector-specific,assist in the production of laboratory documentation,"assist in production of laboratory documentation
assist in documenting laboratory procedures
help with the production of laboratory documentation",,released,2024-02-09T17:29:13.7Z,,,"http://data.europa.eu/esco/concept-scheme/skills,
http://data.europa.eu/esco/concept-scheme/member-skills","Assist in documenting laboratory work, especially paying attention to policies and standard operating procedures."
http://data.europa.eu/esco/skill/6b6c6b8f-3a1d-43af-a40a-73fb50518d00,skill/competence,occupation-specific,carry out artificial insemination of livestock,"undertake livestock artificial insemination procedures
perform livestock artificial insemination
execute livestock artificial insemination
undertake artificial insemination processes for livestock
artificially inseminate livestock
conduct livestock artificial insemination
execute artificial insemination of livestock
carry out livestock artificial insemination
conduct artificial insemination of livestock
perform artificial insemination of livestock",,released,2025-02-27T12:45:08.961Z,"This includes insemination of cattle, sheep, goats, and pigs. Insemination of these species and others must be carried out in accordance with national legislation.",,"http://data.europa.eu/esco/concept-scheme/skills,
http://data.europa.eu/esco/concept-scheme/member-skills","Carry out insemination ensuring excellent hygiene, prevention of injury, minimal discomfort, and welfare."
http://data.europa.eu/esco/skill/6c1143b7-1a4c-49ba-849a-ae328673e566,knowledge,sector-specific,soil structure,"typology of soil components
types of soil components
diversity of soil structure
range of soil structure
types of soil structure
characteristics of soil structure
characteristics of soil components
diversity of soil components
typology of soil structure
range of soil components",,released,2025-07-25T11:15:00.857Z,,,"http://data.europa.eu/esco/concept-scheme/skills,
http://data.europa.eu/esco/concept-scheme/member-skills",Diversity of soil elements and types of soil in relation to plant growth.
http://data.europa.eu/esco/skill/6c8ed0d1-4fc9-41a6-9587-6dbc82cabfc3,knowledge,sector-specific,collection management,"collection development and management
management collection
collections management
collection requirements management",,released,2023-04-06T15:48:18.369Z,,,"http://data.europa.eu/esco/concept-scheme/skills,
http://data.europa.eu/esco/concept-scheme/member-skills","The process of resource evaluation, selection and life-cycle planning to create and promote a coherent collection in line with the developing needs of the users or customers. Understanding legal deposit for long-term access to publications."
http://data.europa.eu/esco/skill/6d043734-b8a7-40bd-8e7a-c873bf9e310b,skill/competence,sector-specific,maintain breeding equipment,"maintain equipment for breeding
clean and disinfect breeding equipment
manage breeding equipment
ensure disinfection of breeding equipment",,released,2024-02-09T17:29:13.7Z,,,"http://data.europa.eu/esco/concept-scheme/skills,
http://data.europa.eu/esco/concept-scheme/member-skills","Operate and care for the equipment used in breeding procedures. This includes, when disposable equipment is not used, effective cleaning and disinfection, in order to avoid transmission of diseases, and to ensure a high welfare standard of the animals."
http://data.europa.eu/esco/skill/6d355a4e-d9b6-4a24-a79b-30176e15589e,knowledge,sector-specific,beverages filtration processes,"beverages filtration process
beverages filtration procedures
beverages filtration measures
beverages filtration systems
beverages filtration mechanisms
beverage filtration processes
beverage filtration process",,released,2024-02-09T17:29:10.678Z,,,"http://data.europa.eu/esco/concept-scheme/skills,
http://data.europa.eu/esco/concept-scheme/green,
http://data.europa.eu/esco/concept-scheme/member-skills","Safe and economic method for removing impurities from food products and extending its shelf life. Importance of contamination control and how it contributes to superior quality product, a significant reduction of waste and a minimum of product spoilage."
http://data.europa.eu/esco/skill/6d372e75-5ca1-483a-b930-dd495dbe22ef,skill/competence,occupation-specific,carry picking work aids,"transporting fruit picking work aids
transporting picking work aids
carrying picking work aids
picking work aids carrying
fruit picking work aids carrying
transport picking work aids
picking work aids transporting
fruit picking work aids transporting
carrying fruit picking work aids
carry fruit picking work aids
transport fruit picking work aids",,released,2024-02-09T17:29:12.952Z,,,"http://data.europa.eu/esco/concept-scheme/skills,
http://data.europa.eu/esco/concept-scheme/member-skills","Carry work equipment, such as ladders, small containers or canvas drop cloths."
http://data.europa.eu/esco/skill/6d53015b-6867-408f-8f3a-4eb9d5dae101,skill/competence,sector-specific,maintain plant soil nutrition,"ensuring nutrition of plant soil
ensuring plant soil nutrition
plant soil nutrition maintaining
maintain nutrition of plant soil
maintaining nutrition of plant soil
ensure plant soil nutrition
plant soil nutrition ensuring
maintaining plant soil nutrition
ensure nutrition of plant soil",,released,2024-02-09T17:29:10.678Z,,,"http://data.europa.eu/esco/concept-scheme/skills,
http://data.europa.eu/esco/concept-scheme/green,
http://data.europa.eu/esco/concept-scheme/member-skills",Manage and support overall soil nutrition. Practice sustainable gardening techniques and integrated pest management in gardens both outdoor and indoor.
http://data.europa.eu/esco/skill/6dc2dfac-3e21-44dd-a71c-9a1c8fe2514c,skill/competence,cross-sector,make independent operating decisions,"independent making of decisions
making of independent operating decisions
making operating decisions independently
making of operating decisions independently
making decisions independently
independent operating decision making
make operating decisions independently
making independent operating decisions
make decisions independently
independently make decisions",,released,2024-02-09T17:29:09.009Z,,,"http://data.europa.eu/esco/concept-scheme/skills,
http://data.europa.eu/esco/concept-scheme/member-skills","Make immediate operating decisions as necessary without reference to others, taking into account the circumstances and any relevant procedures and legislation. Determine alone which option is the best for a particular situation."
http://data.europa.eu/esco/skill/6f571969-3640-4774-a9bc-fd2ef583fdec,skill/competence,sector-specific,apply safety procedures in laboratory,"apply safety procedures in laboratories
comply with safety standards in laboratories
make sure laboratory safety procedures are applied
apply safety procedure in laboratory
comply with safety requirements of laboratories",,released,2024-02-09T17:29:16.725Z,,,"http://data.europa.eu/esco/concept-scheme/skills,
http://data.europa.eu/esco/concept-scheme/member-skills",Make sure that laboratory equipment is used in a safe manner and the handling of samples and specimens is correct. Work to ensure the validity of results obtained in research.
http://data.europa.eu/esco/skill/6f5850ea-5785-4e2c-b062-743066fd5bdb,knowledge,cross-sector,environmental legislation,"environmental regulations
environment legislation
legislation of the environment
environmental law",,released,2024-02-09T17:29:10.678Z,,,"http://data.europa.eu/esco/concept-scheme/skills,
http://data.europa.eu/esco/concept-scheme/green,
http://data.europa.eu/esco/concept-scheme/member-skills",The environmental policies and legislation applicable in a certain domain.
http://data.europa.eu/esco/skill/700ea222-8139-4c48-95cf-014855565530,knowledge,sector-specific,irrigation systems,"typology of irrigation systems
range of irrigation systems
types of irrigation systems
typology of irrigation methods
characteristics of irrigation methods
characteristics of irrigation systems
methods for irrigation
range of irrigation methods
systems for irrigation
types of irrigation methods",,released,2024-02-09T17:29:15.968Z,,,"http://data.europa.eu/esco/concept-scheme/skills,
http://data.europa.eu/esco/concept-scheme/member-skills",The methods and systems management in irrigation.
http://data.europa.eu/esco/skill/70159320-b7f9-4d3e-9f00-99e0adf3f77e,skill/competence,sector-specific,perform inspection analysis,"investigate on inspection procedures
perform inspection analyses
report on inspection procedures",,released,2024-02-09T17:29:14.494Z,,,"http://data.europa.eu/esco/concept-scheme/skills,
http://data.europa.eu/esco/concept-scheme/member-skills","Investigate and report on inspection procedures, techniques, equipment and materials."
http://data.europa.eu/esco/skill/70bc4cfe-16c8-4433-a873-15ea8620453e,skill/competence,sector-specific,use laboratory equipment,"using laboratory equipment
laboratory equipment use
operate laboratory equipment
employ laboratory equipment",,released,2024-02-09T17:29:10.678Z,,,"http://data.europa.eu/esco/concept-scheme/skills,
http://data.europa.eu/esco/concept-scheme/member-skills",Make correct use of laboratory equipment when working in a laboratory.
http://data.europa.eu/esco/skill/70c6065c-9eb8-40b4-bb2b-d66cd880a9c3,skill/competence,sector-specific,perform milk control,"check milk quality
milk quality checking
checking milk quality
performing milk control
milk control performing",,released,2024-02-09T17:29:10.678Z,"Applies to cattle, sheep and goat.",,"http://data.europa.eu/esco/concept-scheme/skills,
http://data.europa.eu/esco/concept-scheme/member-skills",Carry out controlling the quality and quantity of the milk following biosecurity regulations.
http://data.europa.eu/esco/skill/70f89c90-0290-4fbb-a91a-d433a5f28b15,skill/competence,sector-specific,monitor fields,"monitoring fields
field monitoring
field checking
fields checking
checking fields
fields monitoring
check fields",,released,2024-02-09T17:29:11.47Z,,,"http://data.europa.eu/esco/concept-scheme/skills,
http://data.europa.eu/esco/concept-scheme/member-skills","Monitor orchards, fields and production areas to forecast when crops will be fully grown. Estimate how much damage the weather may cause to crops."
http://data.europa.eu/esco/skill/7111b95d-0ce3-441a-9d92-4c75d05c4388,knowledge,sector-specific,project management,"fundamentals of programme management
management of programmes
management of projects
fundamentals of project management
principles of project management
programme management
principles of programme management
programme management activities
project management activities",,released,2025-02-27T12:45:08.961Z,,,"http://data.europa.eu/esco/concept-scheme/skills,
http://data.europa.eu/esco/concept-scheme/member-skills","The discipline of project management, the activities which comprise this area and the variables implied in it, such as time, resources, requirements, deadlines, and responding to unexpected events."
http://data.europa.eu/esco/skill/7159e587-c7cb-4ec0-a662-03e1dee2cccb,knowledge,cross-sector,research design,research design methods,,released,2024-07-03T13:27:58.973Z,,,"http://data.europa.eu/esco/concept-scheme/skills,
http://data.europa.eu/esco/concept-scheme/member-skills","The set of methods and techniques of research that are used to conduct a study. It includes practical steps in research such as purpose statement, data collection, methodology, and data analysis."
http://data.europa.eu/esco/skill/726629ad-29f1-4e46-9723-13c023ed43b4,skill/competence,sector-specific,execute fertilisation,"conduct fertilisation tasks
conducting fertilisation
fertilisation tasks conducting
fertilisation tasks executing
executing fertilisation tasks
execute fertilisation tasks
fertilisation executing
fertilisation conducting
conducting fertilisation tasks
conduct fertilisation
executing fertilisation",,released,2024-02-09T17:29:12.215Z,,,"http://data.europa.eu/esco/concept-scheme/skills,
http://data.europa.eu/esco/concept-scheme/member-skills","Carry out fertilisation tasks by hand or using appropriate equipment according to fertilisation instructions taking into account the environmental, health and safety regulations and procedures."
http://data.europa.eu/esco/skill/72a74f69-5cf1-43c5-99b9-62a444578919,knowledge,sector-specific,engineering processes,"engineering strategy
engineering methodologies",,released,2025-06-25T08:20:05.218Z,,,"http://data.europa.eu/esco/concept-scheme/skills,
http://data.europa.eu/esco/concept-scheme/member-skills",The systematic approach to the development and maintenance of engineering systems.
http://data.europa.eu/esco/skill/72c7f1a4-b283-45d0-b36f-754f0a9445d9,knowledge,sector-specific,camouflage,"cover strategy
cloaking strategy
concealment strategy
concealment planning
concealment policy",,released,2024-02-09T17:29:09.009Z,,,"http://data.europa.eu/esco/concept-scheme/skills,
http://data.europa.eu/esco/concept-scheme/member-skills","The different kinds of materials and specialised clothing used for concealment of people, vehicles or other equipment."
http://data.europa.eu/esco/skill/73997f48-cd9d-4724-872d-86ecbb2ed9a2,knowledge,sector-specific,plant species,"typology of plant families and species
range of plant families and species
variety of flora
typology of flora
variety of plant families and species
characteristics of flora
characteristics of plant families and species
range of flora
types of flora
types of plant families and species",,released,2025-07-25T11:15:00.857Z,,,"http://data.europa.eu/esco/concept-scheme/skills,
http://data.europa.eu/esco/concept-scheme/member-skills","The variety of plants, trees and shrubs and their special characteristics."
http://data.europa.eu/esco/skill/74688c5d-2af1-4f7a-9d1c-00e808eaa1e6,knowledge,sector-specific,budgetary principles,"theories of budgeting
theory of budgetary principles
use of budgetary principles
budgeting principles
theory of budgeting principles
principles of budgeting
scope of budgetary principles
range of budgetary principles",,released,2024-02-09T17:29:14.494Z,,,"http://data.europa.eu/esco/concept-scheme/skills,
http://data.europa.eu/esco/concept-scheme/member-skills","Principles of estimating and planning of forecasts for business activity, compile regular budget and reports."
http://data.europa.eu/esco/skill/74e49482-75e8-4637-bdb1-fff868d02f7a,knowledge,cross-sector,scientific literature,scientific publications,,released,2023-10-30T10:06:59.008Z,,,"http://data.europa.eu/esco/concept-scheme/skills,
http://data.europa.eu/esco/concept-scheme/member-skills","The medium of informing the scientific community, including academic researchers, about the results of scientific research. It constitutes a permanent and cumulative collection of all the findings of scientific research in various fields and at any point in time."
http://data.europa.eu/esco/skill/7503647a-72f8-40fc-a88a-1e884429f85f,skill/competence,occupation-specific,care for the flock,"caring for sheep
care for sheep
caring for the flock
flock caring
care for sheep flock
shepherding
sheep caring
caring for sheep flock",,released,2024-02-09T17:29:12.215Z,,,"http://data.europa.eu/esco/concept-scheme/skills,
http://data.europa.eu/esco/concept-scheme/member-skills","Care for the safety and welfare of the flock. Graze the animals, herd them to areas of good forage, and keep a watchful eye out for poisonous plants."
http://data.europa.eu/esco/skill/754de174-292f-4ddc-ae08-24b8fb8cff2e,skill/competence,sector-specific,manage crop production,"manage crop maintenance functions
supervise crop production
crop production managing
crop production analysing
manage production of crops
crop production supervising
supervise production of crops
analyse crop production
supervise crop maintenance functions
crop maintenance functions supervise",,released,2024-01-02T10:57:55.104Z,,,"http://data.europa.eu/esco/concept-scheme/skills,
http://data.europa.eu/esco/concept-scheme/member-skills","Perform crop production duties such as planning, tilling, planting, fertilising, cultivating, spraying, and harvesting. Supervise all steps of the crop production and ranging process, including planting, fertilising, harvesting, herding as well as controlling pests or weeds."
http://data.europa.eu/esco/skill/757252bd-77d0-4a61-af7c-b500f1379d93,skill/competence,sector-specific,monitor livestock,"livestock monitoring
checking livestock
livestock checking
monitoring livestock
check livestock",,released,2024-02-09T17:29:15.235Z,,,"http://data.europa.eu/esco/concept-scheme/skills,
http://data.europa.eu/esco/concept-scheme/member-skills",Monitor and record the production and the welfare of the livestock.
http://data.europa.eu/esco/skill/75e48971-3242-4ea5-a1ba-4deec48ad41c,skill/competence,sector-specific,manage teamwork,"manage teamwork practices
plan working in a team
plan the work of teams and individuals
develop teamwork schedule
work planning of teams and individuals
work managing
teams and individuals work managing
teams and individuals work planning
plan teamwork
organise work practices
manage the work of teams and individuals
work managing of teams and individuals
create a plan of teamwork
plan work as a team",,released,2023-10-26T09:40:33.177Z,,,"http://data.europa.eu/esco/concept-scheme/skills,
http://data.europa.eu/esco/concept-scheme/member-skills","Plan the working schedule of a group of people in order to meet all time and quality requirements. Supervise, support and instruct members of a team. Provide feedback to teams and individuals on work carried out."
http://data.europa.eu/esco/skill/75f312e1-622b-4751-8d93-815b32feaf8d,knowledge,cross-sector,pollution prevention,"MARPOL
International Convention for the Prevention of Pollution from Ships
requirements for pollution prevention
legislation covering pollution prevention
regulations for pollution prevention",,released,2024-02-09T17:29:09.851Z,,,"http://data.europa.eu/esco/concept-scheme/skills,
http://data.europa.eu/esco/concept-scheme/green,
http://data.europa.eu/esco/concept-scheme/member-skills","The processes used to prevent pollution: precautions to pollution of the environment, procedures to counter pollution and associated equipment, and possible measures to protect the environment."
http://data.europa.eu/esco/skill/77390acd-7cf6-4cb2-895a-16bc6b6d2058,knowledge,sector-specific,wildlife,"range of wildlife
types of wildlife
typology of wildlife
handling of wildlife",,released,2025-07-25T11:15:00.857Z,,,"http://data.europa.eu/esco/concept-scheme/skills,
http://data.europa.eu/esco/concept-scheme/member-skills","Undomesticated animal species, as well as all plants, fungi and other organisms that grow or live wild in an area without being introduced by humans. Wildlife can be found in all ecosystems such as deserts, forests, rain forests, plains, grasslands and other areas, including the most developed urban areas, which all have distinct forms of wildlife."
http://data.europa.eu/esco/skill/77d83989-fe69-4e2c-a04a-bf1207918ac3,skill/competence,cross-sector,work in conveyor belts in food manufacturing,"work in a conveyor belt in food manufacturing
working in conveyor belts in food manufacturing
work on conveyor belts in food manufacturing
toil in conveyor belts in food manufacturing
operate in conveyor belts in food manufacturing
perform in conveyor belts in food manufacturing
labour in conveyor belts in food manufacturing",,released,2024-02-09T17:29:11.47Z,,,"http://data.europa.eu/esco/concept-scheme/skills,
http://data.europa.eu/esco/concept-scheme/member-skills",Work in rotating conveyor belt systems in food manufacturing.
http://data.europa.eu/esco/skill/77f109c4-3107-4d2a-a512-5160ac103933,skill/competence,sector-specific,analyse environmental data,"survey environmental data
examine environmental data
review environmental data
inspect environmental data
evaluate environmental data
analyze environmental data
analysing environmental data",,released,2017-02-10T11:53:12Z,,,"http://data.europa.eu/esco/concept-scheme/skills,
http://data.europa.eu/esco/concept-scheme/green,
http://data.europa.eu/esco/concept-scheme/member-skills",Analyse data that interpret correlations between human activities and environmental effects.
http://data.europa.eu/esco/skill/7837ef5c-2c81-4a89-8227-b4d4f1f7331e,skill/competence,cross-sector,maintain professional records,"produce professional records
produce and maintain professional records
keep professional records
provide professional records
keep up qualified record
maintain professional documentations
maintain records of work
maintain reports professionally
maintain professional documentation
keep qualified records",,released,2024-02-09T17:29:15.235Z,,,"http://data.europa.eu/esco/concept-scheme/skills,
http://data.europa.eu/esco/concept-scheme/member-skills",Produce and maintain records of work performed.
http://data.europa.eu/esco/skill/78e89833-f27e-48db-a885-00d881bdc431,skill/competence,sector-specific,participate in vine maintenance,"participating in maintenance of vines
participating in vine maintenance
vine maintenance participating
contribute to vine maintenance
participate in maintenance of vines
take part in vine maintenance
contributing to vine maintenance
taking part in vine maintenance",,released,2024-02-09T17:29:16.725Z,,,"http://data.europa.eu/esco/concept-scheme/skills,
http://data.europa.eu/esco/concept-scheme/member-skills","Participate in the maintenance of vines, trellising, pruning, weeding and watering."
http://data.europa.eu/esco/skill/798d427e-51b3-4cd4-8b24-1357015e9ae7,skill/competence,sector-specific,optimise production,"production efficiency optimising
maximise production efficiency
optimising production efficiency
optimising production
production optimising
optimize production",,released,2016-12-20T17:30:43Z,,,"http://data.europa.eu/esco/concept-scheme/skills,
http://data.europa.eu/esco/concept-scheme/member-skills","Analyse and identify the strengths and weaknesses of solutions, conclusions or approaches to problems; formulate and plan alternatives."
http://data.europa.eu/esco/skill/7a34b3d9-bd3b-4f4e-a0f6-f97439901cb7,skill/competence,cross-sector,apply scientific methods,"implement scientific methods
administer scientific methods
apply a scientific method
employ scientific methods
utilise scientific methods
apply scientific methodology",,released,2024-02-09T17:29:12.952Z,,,"http://data.europa.eu/esco/concept-scheme/skills,
http://data.europa.eu/esco/concept-scheme/member-skills","Apply scientific methods and techniques to investigate phenomena, by acquiring new knowledge or correcting and integrating previous knowledge."
http://data.europa.eu/esco/skill/7b3717e4-e963-44e0-b94f-1088a7242da0,skill/competence,sector-specific,nurse plants,"tending plants
nurse plants and trees
plant nursing
nursing plants and trees
plant and tree tending
nursing plants
tend plants
plant tending
tending plants and trees
plant and tree nursing
tend plants and trees",,released,2024-02-09T17:29:13.7Z,,,"http://data.europa.eu/esco/concept-scheme/skills,
http://data.europa.eu/esco/concept-scheme/green,
http://data.europa.eu/esco/concept-scheme/member-skills","Determine the need for nursing activities and carry out nursing by cultivating, maintaining, watering and spraying the plants and trees manually or using appropriate equipment, taking into account the plant species and following safety requirements."
http://data.europa.eu/esco/skill/7b3abd38-61ae-42a4-88bb-0884784f9ee1,skill/competence,cross-sector,advise client on technical possibilities,"offer suggestions to client on technical possibilities
advise clients on technical possibilities
advising client on technical possibilities
counsel client on technical possibilities
give client recommendations on technical possibilities
advise client on technical possibility",,released,2024-02-09T17:29:11.47Z,,,"http://data.europa.eu/esco/concept-scheme/skills,
http://data.europa.eu/esco/concept-scheme/member-skills","Recommend technical solutions, including systems, to the client within the framework of a project."
http://data.europa.eu/esco/skill/7c6ab71d-c8d4-4a85-9f33-7ab3c2e23157,skill/competence,sector-specific,manage the health and welfare of livestock,"managing the welfare of livestock
managing the health and welfare of livestock
planning the health of livestock
planning the health and welfare of livestock
plan the health of livestock
planning the welfare of livestock
manage the health of livestock
health and welfare of livestock managing
manage the welfare of livestock
plan the health and welfare of livestock
managing the health of livestock
health and welfare of livestock planning
plan the welfare of livestock",,released,2024-02-09T17:29:12.952Z,,,"http://data.europa.eu/esco/concept-scheme/skills,
http://data.europa.eu/esco/concept-scheme/member-skills","Assess the current health status of your livestock. Manage any existing disease or disorder, including the requirements for isolation of livestock. Plan and manage a livestock health and welfare plan including clearly defined targets, consulting with specialists/advisers where appropriate. Work closely with the veterinary surgeon and other specialist consultants/advisers."
http://data.europa.eu/esco/skill/7ca80382-13c4-4ccf-ab89-4b1bdb2d6a13,knowledge,sector-specific,herbicides sprayers,"herbicide sprayers
herbicides sprayer
weed killer sprayers
sprayers for herbicides",,released,2024-02-09T17:29:15.235Z,,,"http://data.europa.eu/esco/concept-scheme/skills,
http://data.europa.eu/esco/concept-scheme/member-skills","Types of equipment used to spray herbicides on a surface, used both manually and mechanically."
http://data.europa.eu/esco/skill/7e1edea2-3c00-44b0-b23e-982d9304cc49,knowledge,cross-sector,herbicides,"types of herbicides
range of herbicides
health impact of herbicides
impact of herbicides
environmental impact of herbicides
typology of herbicides
effects of herbicides
characteristics of herbicides",,released,2024-02-09T17:29:15.968Z,,,"http://data.europa.eu/esco/concept-scheme/skills,
http://data.europa.eu/esco/concept-scheme/member-skills",Types of chemical characteristics of herbicides and their adverse human and environmental effects.
http://data.europa.eu/esco/skill/7e9b4242-2be7-4b9e-8ca0-46d5cedd3cb9,knowledge,cross-sector,agricultural chemicals,"herbicides
pesticides
typology of agricultural chemicals
fertilizers
insecticides
types of agricultural chemicals
agricultural chemical types",,released,2024-02-09T17:29:14.494Z,,,"http://data.europa.eu/esco/concept-scheme/skills,
http://data.europa.eu/esco/concept-scheme/member-skills","The production and characteristics of agricultural chemicals such as fertilizers, herbicides, pesticides or insecticides."
http://data.europa.eu/esco/skill/8034a1ea-5ee0-4a84-8fd3-16411c8d86fb,knowledge,sector-specific,agroforestry,"agri-silvicultural systems
agro-silvopastoral systems
silvo-pastoral systems",,released,2020-12-10T13:35:41.227Z,,,"http://data.europa.eu/esco/concept-scheme/skills,
http://data.europa.eu/esco/concept-scheme/green,
http://data.europa.eu/esco/concept-scheme/member-skills",The application of land management systems and technologies that integrate trees and other woody perennials with traditional cropland farming in order to sustain agricultural production while ensuring the protection of the natural environment.
http://data.europa.eu/esco/skill/80c4d5a3-fe4a-4f6f-9bb0-1f6605f98d43,skill/competence,sector-specific,create animal records,"creating animal records
generate animal records
create animal record
make animal records",,released,2024-02-09T17:29:16.725Z,,,"http://data.europa.eu/esco/concept-scheme/skills,
http://data.europa.eu/esco/concept-scheme/member-skills",Create animal records according to industry relevant information and using appropriate record keeping systems.
http://data.europa.eu/esco/skill/80cf2345-7fd8-4535-8e8d-0279771a03cf,skill/competence,sector-specific,apply safe work practices in a veterinary setting,"identify hazards and associated risks in a veterinary work setting
apply safe work practices in a veterinary work environment
use safe work practice in a veterinary setting
apply safe work practices in veterinary settings
apply safe work practice in a veterinary setting",,released,2024-02-09T17:29:11.47Z,,,"http://data.europa.eu/esco/concept-scheme/skills,
http://data.europa.eu/esco/concept-scheme/member-skills","Apply safe work practices in a veterinary setting in order to identify hazards and associated risks so as to prevent accidents or incidents. This includes injury from animals, zoonotic diseases, chemicals, equipment and work environments."
http://data.europa.eu/esco/skill/811bdb9d-5bf7-4b5a-a3f5-4fc2002f6d57,knowledge,cross-sector,financial capability,"financial abilities
financial capabilities
financial skills
financial knowledge
financial acumen",,released,2024-02-09T17:29:11.47Z,,,"http://data.europa.eu/esco/concept-scheme/skills,
http://data.europa.eu/esco/concept-scheme/member-skills","Financial operations such as calculations, cost estimations, budget management taking relevant commercial and statistical data into account such as data for materials, supplies and manpower."
http://data.europa.eu/esco/skill/81a2db2c-7e55-44d0-9cd9-74c25147d7cd,skill/competence,cross-sector,analyse test data,"analysing test data
evaluate test data
examine test data
analyzing test data
analyze test data
assess test data",,released,2025-11-26T10:20:19.087Z,,,"http://data.europa.eu/esco/concept-scheme/skills,
http://data.europa.eu/esco/concept-scheme/member-skills","Interpret and analyse data collected during testing in order to formulate conclusions, new insights or solutions."
http://data.europa.eu/esco/skill/81f53835-1dfe-4819-8bc1-01d9b647add8,knowledge,sector-specific,types of storage facilities,"range of storage facilities
characteristics of warehouses and stores
typology of storage facilities
functions of warehouses and stores
functions of storage facilities
range of warehouses and stores
types of warehouses and stores
characteristics of storage facilities
typology of warehouses and stores",,released,2024-02-09T17:29:11.47Z,,,"http://data.europa.eu/esco/concept-scheme/skills,
http://data.europa.eu/esco/concept-scheme/member-skills",Different types of devices and facilities used to hold information and their quality criterias.
http://data.europa.eu/esco/skill/8259c2c0-2749-41e2-a4a8-4a64a76eab37,knowledge,cross-sector,laboratory techniques,"technique used in laboratory
thermic methods
gravimetric analysis
techniques used in laboratory
lab techniques
gas chromatography
electronic methods
natural science techniques",,released,2024-02-09T17:29:15.968Z,,,"http://data.europa.eu/esco/concept-scheme/skills,
http://data.europa.eu/esco/concept-scheme/member-skills","Techniques applied in the different fields of natural science in order to obtain experimental data such as gravimetric analysis, gas chromatography, electronic or thermic methods."
http://data.europa.eu/esco/skill/82fadde2-45cc-4734-bace-dadafdeaa41f,skill/competence,cross-sector,calibrate laboratory equipment,"re-adjust laboratory equipment
fine tune laboratory equipment
balance laboratory equipment
calibrate of the laboratory equipment
regulate laboratory equipment
calibrate of laboratory equipment",,released,2024-02-09T17:29:12.952Z,,,"http://data.europa.eu/esco/concept-scheme/skills,
http://data.europa.eu/esco/concept-scheme/member-skills","Calibrate laboratory equipment by comparing between measurements: one of known magnitude or correctness, made with a trusted device and a second measurement from another piece of laboratory equipment. Make the measurements in as similar a way as possible."
http://data.europa.eu/esco/skill/833289fa-3646-4010-9d9e-93ba8c9ef2d8,skill/competence,cross-sector,apply research ethics and scientific integrity principles in research activities,"adhere to scientific research code of ethics
obey scientific research code of conduct
follow scientific research code of conduct",,released,2020-12-11T12:37:37.532Z,,,"http://data.europa.eu/esco/concept-scheme/skills,
http://data.europa.eu/esco/concept-scheme/member-skills,
http://data.europa.eu/esco/concept-scheme/research","Apply fundamental ethical principles and legislation to scientific research, including issues of research integrity. Perform, review, or report research avoiding misconducts such as fabrication, falsification, and plagiarism."
http://data.europa.eu/esco/skill/83331548-2159-4b87-9177-c3cb29978540,skill/competence,cross-sector,inspect trees,"tree checking
inspecting trees
checking trees
tree inspecting and surveying
tree inspecting
inspect and survey trees
checking and surveying trees
tree checking and surveying
check and survey trees
check trees
inspecting and surveying trees",,released,2025-07-25T11:15:00.857Z,,,"http://data.europa.eu/esco/concept-scheme/skills,
http://data.europa.eu/esco/concept-scheme/member-skills",Carry out tree inspections and surveys.
http://data.europa.eu/esco/skill/83fbfa2f-0eb7-4667-a574-d12e3b7fdc2b,skill/competence,sector-specific,acquire licences for the use of weapons,"acquire weapons' licences
obtain permit for the use of weapons
obtain authorisation for the use of weapons
acquire licence to use weapons
acquire licenses for the use of weapons",,released,2023-03-28T09:47:59.797Z,,,"http://data.europa.eu/esco/concept-scheme/skills,
http://data.europa.eu/esco/concept-scheme/member-skills","Coordinate with technical staff on legal aspects such as licenses, authorisations and assurances related to weapons and munition."
http://data.europa.eu/esco/skill/844e9480-7aef-49f6-9260-d88c27249241,skill/competence,sector-specific,propagate plants,"plants propagating
cultivate plants
plants cultivating
assist in plant propagation
plant propagating
plant cultivating",,released,2025-02-27T12:45:08.961Z,,,"http://data.europa.eu/esco/concept-scheme/skills,
http://data.europa.eu/esco/concept-scheme/member-skills",Carry out propagation activities by appling appropriate propagation methods such as grafted cutting propagation or generative propagation considering the plant type. Carry out propagation control considering the required terms and conditions for specific plant type.
http://data.europa.eu/esco/skill/85c1377a-b96f-4ad0-adb4-8d11f8a2eecd,skill/competence,sector-specific,present the farm facilities,"present the facilities of the farm
running farm demonstrations
running open-farm events
presenting the farm facilities
run farm demonstrations
run open-farm events
farm facilities presenting
presenting the facilities of the farm",,released,2024-02-09T17:29:15.968Z,,,"http://data.europa.eu/esco/concept-scheme/skills,
http://data.europa.eu/esco/concept-scheme/member-skills",Perform customer adapted presentations of the farm organization and farm processes taking under consideration the farm sustainability and local environment.
http://data.europa.eu/esco/skill/872a1632-f1db-4feb-bb27-0a6a359b7591,skill/competence,cross-sector,promote open innovation in research,"encourage open innovation in research
promote integrated collaboration in research
boost open innovation in research
stimulate collaborative innovation in research
foster collaborative innovation in research",,released,2024-02-22T15:09:51.665Z,,,"http://data.europa.eu/esco/concept-scheme/skills,
http://data.europa.eu/esco/concept-scheme/member-skills,
http://data.europa.eu/esco/concept-scheme/research","Apply techniques, models, methods and strategies which contribute to the promotion of steps towards innovation through collaboration with people and organizations outside the organisation."
http://data.europa.eu/esco/skill/87da57a8-ae40-41e3-998e-f517daa95c9a,skill/competence,cross-sector,handling chemical products for soil and plants,"using chemical products for plants
use chemical products for plants
handling chemical products for soil
use chemical products for soil and plants
handling chemical products for plants
using chemical products for soil
handle chemical products for soil and plants
using chemical products for soil and plants
use chemical products for soil
chemical products handling for soil and plants",,released,2024-02-09T17:29:11.47Z,,,"http://data.europa.eu/esco/concept-scheme/skills,
http://data.europa.eu/esco/concept-scheme/member-skills","Handling chemical products for soil and plants includes cleaning the equipment used for spreading and spraying, mixing of chemicals, preparing pesticides and herbicides for spraying, preparing fertilisers for spreading."
http://data.europa.eu/esco/skill/8853dc46-e29e-4c6e-ab9c-f2553f7b2b8f,skill/competence,sector-specific,operate hand pruning equipment,"hand pruning undertaking
performing hand pruning
hand pruning performing
undertake hand pruning
perform hand pruning
pruning by hand
undertaking hand pruning",,released,2023-11-06T10:04:35.722Z,,,"http://data.europa.eu/esco/concept-scheme/skills,
http://data.europa.eu/esco/concept-scheme/member-skills","Efficiently perform hand pruning by using specific pruning tools like shears, lopping shears, saw, a small pocket scale to weigh the pruned material, and twine."
http://data.europa.eu/esco/skill/89b485de-ba3c-42be-8d57-73a4ec4eef63,skill/competence,occupation-specific,monitor grapes,"grapes checking
monitoring grapes
check grapes
checking grapes
grape monitoring
grapes monitoring
grape checking",,released,2024-02-09T17:29:10.678Z,,,"http://data.europa.eu/esco/concept-scheme/skills,
http://data.europa.eu/esco/concept-scheme/member-skills",Monitoring the growth of grapes to ensure their quality. Determine the correct time for harvest. Test the grapes as necessary to ensure fruit quality.
http://data.europa.eu/esco/skill/89d25455-184b-4c20-9cbc-9f5f89df500f,skill/competence,sector-specific,maintain animal accommodation hygienic,"maintain animal kennel
maintain accommodations for animal
maintaining animal accommodation
maintain animal accommodation
manage animal accommodation
maintain accommodation for animals",,released,2023-05-04T12:26:10.562Z,,,"http://data.europa.eu/esco/concept-scheme/skills,
http://data.europa.eu/esco/concept-scheme/member-skills","Make sure animal enclosures such as habitats, terrariums, cages or kennels are in the appropriate and hygienic condition. Clean the enclosure and provide new bedding material if called for."
http://data.europa.eu/esco/skill/89d2bb53-67fc-4b9e-80c7-07b6c587bc0d,skill/competence,sector-specific,work safely with chemicals,"working safely with chemicals
operate safely with chemicals
perform duties safely with chemicals",,released,2024-02-09T17:29:10.678Z,,,"http://data.europa.eu/esco/concept-scheme/skills,
http://data.europa.eu/esco/concept-scheme/member-skills","Take the necessary precautions for storing, using and disposing chemical products."
http://data.europa.eu/esco/skill/89db623e-e1fc-4ec2-9a0f-7b72b4c35303,skill/competence,cross-sector,gather experimental data,"experimental data gathering
accumulate experimental data
collect experimental data
gathering of experimental data
compile experimental data",,released,2024-02-09T17:29:10.678Z,,,"http://data.europa.eu/esco/concept-scheme/skills,
http://data.europa.eu/esco/concept-scheme/member-skills","Collect data resulting from the application of scientific methods such as test methods, experimental design or measurements."
http://data.europa.eu/esco/skill/8a1942a8-bebd-4cc5-bdff-fe215aaa3de5,skill/competence,sector-specific,use gardening equipment,"using gardening equipment
gardening equipment use
using garden tools
garden tool using
use garden tools
gardening equipment using
using tools for gardening
using equipment for gardening
use equipment for gardening
use tools for gardening",,released,2024-02-09T17:29:15.235Z,,,"http://data.europa.eu/esco/concept-scheme/skills,
http://data.europa.eu/esco/concept-scheme/member-skills","Use gardening equipment such as clippers, sprayers, mowers, chainsaws, complying to health and safety regulations."
http://data.europa.eu/esco/skill/8a455b44-004d-43c7-8e42-45163482a66f,skill/competence,occupation-specific,evaluate semen,"verify quality of collected semen
examine semen
evaluate density and motility of semen
ensure quality of collected semen",,released,2024-02-09T17:29:12.215Z,,,"http://data.europa.eu/esco/concept-scheme/skills,
http://data.europa.eu/esco/concept-scheme/member-skills","Ensure collected semen is of good quality and quantity. Examine semen, using a microscope, to evaluate density and motility of gametes. Dilute semen with prescribed diluents according to regulations."
http://data.europa.eu/esco/skill/8a98707e-b2ee-48fe-9f36-e47e3555ecf7,skill/competence,cross-sector,evaluate employees work,"team performance evaluating
employees work evaluating
evaluating employees work
evaluate team performance
evaluating team performance",,released,2024-02-09T17:29:09.851Z,,,"http://data.europa.eu/esco/concept-scheme/skills,
http://data.europa.eu/esco/concept-scheme/member-skills","Evaluate the need for labour for the work ahead. Evaluate the performance of the team of workers and inform superiors. Encourage and support the employees in learning, teach them techniques and check the application to ensure product quality and labour productivity."
http://data.europa.eu/esco/skill/8bc75dce-beba-40f9-93fc-66c9708ed74b,skill/competence,cross-sector,advise on efficiency improvements,"give recommendations on efficiency improvements
counsel on efficiency improvements
advise on improving efficiency
advise on efficiency improvement
offer suggestions on efficiency improvements
advising on efficiency improvements",,released,2024-02-09T17:29:11.47Z,,,"http://data.europa.eu/esco/concept-scheme/skills,
http://data.europa.eu/esco/concept-scheme/member-skills",Analyse information and details of processes and products in order to advise on possible efficiency improvements that could be implemented and would signify a better use of resources.
http://data.europa.eu/esco/skill/8bdd25f8-4b6e-40fe-a2cf-c1badc594114,knowledge,cross-sector,geology,"physical geography
processes of geology
geological processes
earth science
vulcanology
geological science
geomorphology
science of geology",,released,2024-02-09T17:29:09.851Z,,,"http://data.europa.eu/esco/concept-scheme/skills,
http://data.europa.eu/esco/concept-scheme/green,
http://data.europa.eu/esco/concept-scheme/member-skills","Solid earth, rock types, structures and the processes by which they are altered."
http://data.europa.eu/esco/skill/8c245dab-8890-47be-adfc-c85fc3be634e,skill/competence,sector-specific,skin animals,"skinning animals
skin an animal
dissect animals
cut up animals
strip animals",,released,2024-02-09T17:29:11.47Z,,,"http://data.europa.eu/esco/concept-scheme/skills,
http://data.europa.eu/esco/concept-scheme/member-skills","Skin animals in an appropriate manner considering the end purpose of the skin. Strip off the hide of an animal to prepare for processing the carcass, or to use the skin or fur. Use case skinning for smaller animals, where an incision is made around the feet and the skin stripped off like a sock. If a non-invasive slaughter method like gassing or beating was used on a fur animal, take care to ensure that the animal is dead prior to skinning. Use open skinning for large animals, where an incision is made along the abdomen. Use the required equipment for skinning."
http://data.europa.eu/esco/skill/8c7707b3-cd9b-405a-b2e5-9df24172d4f9,skill/competence,occupation-specific,monitor grounds,"grounds checking
grounds condition monitering
check grounds
monitering condition of grounds
grounds monitering
checking grounds
checking condition of grounds
moniter condition of grounds
check condition of grounds
grounds condition checking
monitering grounds",,released,2024-02-09T17:29:10.678Z,,,"http://data.europa.eu/esco/concept-scheme/skills,
http://data.europa.eu/esco/concept-scheme/green,
http://data.europa.eu/esco/concept-scheme/member-skills","Monitor grounds during special events to insure protection of the system, report condition of the grounds and loss of water or plants due to system malfunction."
http://data.europa.eu/esco/skill/8ce4a4af-969b-4d1c-8bfe-891cff82f913,skill/competence,sector-specific,plant green plants,"plant seeds manually
green plants planting
green plant planting",,released,2024-02-09T17:29:14.494Z,,,"http://data.europa.eu/esco/concept-scheme/skills,
http://data.europa.eu/esco/concept-scheme/member-skills",Plant seeds manually or by using ground equipment.
http://data.europa.eu/esco/skill/8df12fb1-7f41-4068-8d05-007e8fec8f33,skill/competence,sector-specific,conserve forests,"forests restoring
forest conserving
restoring forests
restore forests
conserving forests
forest restoring
forests conserving",,released,2024-02-09T17:29:13.7Z,,,"http://data.europa.eu/esco/concept-scheme/skills,
http://data.europa.eu/esco/concept-scheme/green,
http://data.europa.eu/esco/concept-scheme/member-skills","Strive to conserve and restore forest structures, biodiversity and ecological functions."
http://data.europa.eu/esco/skill/8e0f43a3-7cb9-45bc-b6e3-0f9b1e3d18b5,skill/competence,sector-specific,carry out aerial tree rigging,"undertake aerial rigging of trees
carrying out aerial tree rigging
aerial tree rigging carrying out
undertaking aerial tree rigging
undertake aerial tree rigging
carrying out aerial rigging of trees
carry out aerial rigging of trees
undertaking aerial rigging of trees",,released,2024-02-09T17:29:11.47Z,,,"http://data.europa.eu/esco/concept-scheme/skills,
http://data.europa.eu/esco/concept-scheme/member-skills","Undertake aerial tree rigging to safely remove lower tree sections using suitable cuts, minimising shock loading in the rigging systems. Take into account the expected load and the positions of the ground crew, other anchor points, equipment, planned drop zone, and processing area."
http://data.europa.eu/esco/skill/8eb292fb-55f2-4952-b05d-1cbc205f515c,skill/competence,sector-specific,process fruits and vegetables,"prepare fruits and vegetables
produce fruits and vegetable
process fruit and vegetables
process of fruits and vegetables",,released,2024-02-09T17:29:10.678Z,,,"http://data.europa.eu/esco/concept-scheme/skills,
http://data.europa.eu/esco/concept-scheme/member-skills",Process fruits and vegetables refer to all kinds of methods and techniques used to prepare food products using fruits and vegetables as raw materials.
http://data.europa.eu/esco/skill/8f822c28-fe87-4791-be2b-6b7889da7a79,skill/competence,occupation-specific,store semen,"semen keeping for future use on animals
storing livestock semen for future use
store livestock semen for future use
storing semen for future use on livestock
keeping semen for future use on animals
keep semen for future use on animals
store semen for future use on livestock
keeping animals semen for future use
semen storing for future use on livestock
keep animals semen for future use",,released,2020-06-16T13:31:48.287Z,,,"http://data.europa.eu/esco/concept-scheme/skills,
http://data.europa.eu/esco/concept-scheme/member-skills",Keep animal semen in reserve at the correct temperature and in accordance with production specifications.
http://data.europa.eu/esco/skill/908e8fa9-7ce7-4328-816f-381748504aa4,skill/competence,sector-specific,assess crop damage,"assessing crop damage
crop damage assessing
evaluate crop damage
evaluating crop damage
crop damage evaluating",,released,2024-02-09T17:29:15.968Z,,,"http://data.europa.eu/esco/concept-scheme/skills,
http://data.europa.eu/esco/concept-scheme/member-skills","Identify and evaluate damage to crops due to disorders, adverse physical soil conditions, unsuitable pH, nutrient imbalances and deficiencies, the misuse of crop protection materials, or extreme weather factors."
http://data.europa.eu/esco/skill/910becaf-d07b-455a-a363-0bf9430afb51,skill/competence,cross-sector,clean equipment,"cleansing equipment
clean machines
clean apparatus
cleanse equipment
cleaning equipment
clean sporting devices
clean machinery",,released,2024-02-09T17:29:14.494Z,,,"http://data.europa.eu/esco/concept-scheme/skills,
http://data.europa.eu/esco/concept-scheme/member-skills",Perform cleaning routines after equipment use.
http://data.europa.eu/esco/skill/912f7556-6b75-4d73-9658-4e710050199d,skill/competence,sector-specific,apply animal hygiene practices,"manage animal hygiene
manage animal hygiene and biosecurity
ensure animal hygiene
manage hygiene of animals",,released,2020-06-17T07:02:31.253Z,,,"http://data.europa.eu/esco/concept-scheme/skills,
http://data.europa.eu/esco/concept-scheme/member-skills","Plan and use appropriate hygiene measures to prevent transmission of diseases and ensure an effective overall hygiene. Maintain and follow hygiene procedures and regulations when working with animals, communicate site hygiene controls and protocols to others. Manage the safe disposal of waste according to destination and local regulations."
http://data.europa.eu/esco/skill/916708d4-9890-4ed1-a46f-3742981aa8ab,skill/competence,sector-specific,perform trellis repairs,"grape trellis mending
mend grape trellis
performing trellis repairs
trellis repairs performing
mending grape trellis
trellis repair performing",,released,2024-02-09T17:29:15.235Z,,,"http://data.europa.eu/esco/concept-scheme/skills,
http://data.europa.eu/esco/concept-scheme/member-skills",Perform repairs on trellis in order to support grapes. Secure grapes to the trellis using a twine in case the grape wine should fall from the trellis and not break.
http://data.europa.eu/esco/skill/918f5211-b99f-4b29-9a34-6e475583ef55,skill/competence,cross-sector,write work-related reports,"produce work-related reports
compose work-related reports
write reports
present reports on work activities
perform work-related reporting
write work reports
carry out work-related reporting
develop reports on work activities
complete work-related reports
undertake work-related reporting
create work-related reports",,released,2024-02-09T17:29:16.725Z,,,"http://data.europa.eu/esco/concept-scheme/skills,
http://data.europa.eu/esco/concept-scheme/member-skills",Compose work-related reports that support effective relationship management and a high standard of documentation and record keeping. Write and present results and conclusions in a clear and intelligible way so they are comprehensible to a non-expert audience.
http://data.europa.eu/esco/skill/91a6da8d-24dc-4453-9821-de305864677c,knowledge,cross-sector,soil science,"the study of soil
soil studies",,released,2025-07-25T11:15:00.857Z,,,"http://data.europa.eu/esco/concept-scheme/skills,
http://data.europa.eu/esco/concept-scheme/member-skills","The field of science that studies soil as a natural resource, its characteristics, formation, and classification. It also examines the physical, biological, and chemical potential of soil."
http://data.europa.eu/esco/skill/92721092-fe7c-4689-96bd-4f02385bc0e7,skill/competence,cross-sector,manage contracts,"supervise manage contracts
managing a contract
regulate manage contracts
oversee manage contracts
manage a contract
maintain manage contracts
contract management",,released,2024-02-09T17:29:14.494Z,,,"http://data.europa.eu/esco/concept-scheme/skills,
http://data.europa.eu/esco/concept-scheme/member-skills","Negotiate the terms, conditions, costs and other specifications of a contract while making sure they comply with legal requirements and are legally enforceable. Oversee the execution of the contract, agree on and document any changes in line with any legal limitations."
http://data.europa.eu/esco/skill/92d36561-e0ce-429e-a6ee-eeee17259953,skill/competence,sector-specific,maintain vineyard machinery,"repair vineyard machinery
vineyard machinery repairing
maintain vineyard machinery and equipment
repairing vineyard machinery and equipment
repairing vineyard machinery
maintaining vineyard machinery
vineyard machinery maintaining
vineyard machinery and equipment repairing
maintaining vineyard machinery and equipment
vineyard machinery and equipment maintaining
repair vineyard machinery and equipment",,released,2024-02-09T17:29:14.494Z,,,"http://data.europa.eu/esco/concept-scheme/skills,
http://data.europa.eu/esco/concept-scheme/member-skills","Maintain vineyard machinery and equipment, identifying problems and performing basic repairs."
http://data.europa.eu/esco/skill/92dfcb21-863c-4fa8-9458-3760e53e966a,skill/competence,sector-specific,care for juvenile animals,"care for a juvenile animal
assess needs of offspring and juvenile animals
care for offspring and juvenile animals
care for young animals",,released,2024-02-09T17:29:12.215Z,This may include any methods for artificial rearing.,,"http://data.europa.eu/esco/concept-scheme/skills,
http://data.europa.eu/esco/concept-scheme/member-skills",Assess the needs of the offspring and juvenile animals. Take appropriate action without delay in case of problems with the health of the offspring or juvenile.
http://data.europa.eu/esco/skill/9354ac54-6d2c-4952-a0a4-188f0406d282,skill/competence,sector-specific,advise on beer production,"recommend on beer production
advise on beer productions
help with beer production
suggest about beer production
advise about beer production",,released,2024-02-09T17:29:11.47Z,,,"http://data.europa.eu/esco/concept-scheme/skills,
http://data.europa.eu/esco/concept-scheme/member-skills","Advise beer companies, small brewers and managers within the beer industry to improve the quality of the product or of the production process."
http://data.europa.eu/esco/skill/941364b9-1375-4add-9889-d67bae99bc8c,skill/competence,cross-sector,write technical reports,"technical customer report writing
compose technical customer reports
technical reports composition
writing of technical customer reports
compose technical reports
writing technical reports
technical customer reports writing
technical customer report composition
writing of technical reports
technical customer reports composition
composing technical reports
composition of technical reports
technical reports writing
writing technical customer reports
technical report writing
composing technical customer reports",,released,2024-02-09T17:29:15.968Z,,,"http://data.europa.eu/esco/concept-scheme/skills,
http://data.europa.eu/esco/concept-scheme/member-skills",Compose technical customer reports understandable for people without technical background.
http://data.europa.eu/esco/skill/9433da85-70fa-4a25-8f96-71fa59dd1989,knowledge,cross-sector,biology,"fundamentals of biology
fundamentals of biological science
basics of biological science
first principles of biological science
basics of biology
science of biology
first principles of biology
field of biology
field of biological science",,released,2025-07-25T11:15:00.857Z,,,"http://data.europa.eu/esco/concept-scheme/skills,
http://data.europa.eu/esco/concept-scheme/member-skills","Tissues, cells, and functions of plant and animal organisms and their interdependencies and interactions with each other and the environment."
http://data.europa.eu/esco/skill/94812554-043f-4ffd-838e-583eccf3e297,knowledge,sector-specific,watering principles,"techniques for irrigating
systems for watering
methods of irrigating
methods of watering
techniques for watering
principles of watering
principles of irrigating
systems for irrigating",,released,2024-02-09T17:29:13.7Z,,,"http://data.europa.eu/esco/concept-scheme/skills,
http://data.europa.eu/esco/concept-scheme/member-skills","Methods, principles and systems for supplying water to land or crops by means of pipes, sprinklers, ditches or streams."
http://data.europa.eu/esco/skill/949fe489-274a-4ce5-8c00-334b46b144e3,skill/competence,sector-specific,operate horticulture equipment,"horticulture equipment using
using equipment in horticulture
operating equipment in horticulture
operating horticulture equipment
horticulture equipment operating
use equipment in horticulture
use horticulture equipment
operate equipment in horticulture
using horticulture equipment",,released,2024-02-09T17:29:13.7Z,,,"http://data.europa.eu/esco/concept-scheme/skills,
http://data.europa.eu/esco/concept-scheme/member-skills",Operate horticultural equipment and assist with servicing. Ensure that vehicles are roadworthy before starting the work.
http://data.europa.eu/esco/skill/94a1b3c5-2a95-4703-8559-973bc6d14747,skill/competence,sector-specific,perform weed control operations,"controlling weeds
weed control operation performing
weed controlling
weeding
performing weed control operations
control weeds
weed control operations performing",,released,2024-02-09T17:29:15.235Z,,,"http://data.europa.eu/esco/concept-scheme/skills,
http://data.europa.eu/esco/concept-scheme/member-skills",Carry out crop spraying for weeds and plant disease operations in line with National industry and customer requirements.
http://data.europa.eu/esco/skill/9531fe02-1e1f-4a36-95f7-a76a77cd4b8d,skill/competence,sector-specific,consult with business clients,"consult with clients of business
consulting with business clients
communicate with business clients
obtain feedback from business clients",,released,2024-02-09T17:29:13.7Z,,,"http://data.europa.eu/esco/concept-scheme/skills,
http://data.europa.eu/esco/concept-scheme/member-skills","Communicate with clients of a business or business project in order to introduce new ideas, obtain feedback, and find solutions to problems."
http://data.europa.eu/esco/skill/958b8802-ec3e-4813-97f7-6c8f48610dbd,skill/competence,sector-specific,identify process improvements,"identify improvement actions
develop improvement actions
process improvements identification
identifying of process improvements
determine improvement actions
select improvement actions
process improvement identification
identify business improvement opportunities
plan improvement actions
finding improvement opportunities
compile improvement actions
identify improvement opportunities
identifying process improvements
find improvement opportunities
identifying business improvement opportunities
identifying improvement opportunities
identification of process improvements",,released,2025-02-27T12:45:08.961Z,,,"http://data.europa.eu/esco/concept-scheme/skills,
http://data.europa.eu/esco/concept-scheme/member-skills","Identify possible improvements to operational and financial performance, in order to increase productivity, efficiency, quality, and streamline procedures."
http://data.europa.eu/esco/skill/9601b2a8-68e4-4906-9306-a23679b8f0b0,skill/competence,cross-sector,supervise staff,"staff recruitment and training
recruit and train staff
supervision staff
supervising of staff
recruitment and training of staff
staff supervision
recruiting and training staff
supervising staff",,released,2024-02-09T17:29:12.952Z,,,"http://data.europa.eu/esco/concept-scheme/skills,
http://data.europa.eu/esco/concept-scheme/member-skills","Oversee the selection, training, performance and motivation of staff."
http://data.europa.eu/esco/skill/96372406-5f7a-439e-b1dc-6f6b1e2303b1,skill/competence,occupation-specific,operate hooves trimming tools,"hooves trimming tools using
hooves trimming tools operating
bovine hooves trimming
using hooves trimming tools
use hooves trimming tools
operate tools for trimming hooves
trim cow hooves
trim bovine hooves
operating hooves trimming tools
hooves trimming tool using
trim hooves of bovines
use tools for trimming hooves
trim hooves of cows
hooves trimming tool operating
operating tools for trimming hooves
cow hooves trimming
using tools for trimming hooves",,released,2025-02-27T12:45:08.961Z,,,"http://data.europa.eu/esco/concept-scheme/skills,
http://data.europa.eu/esco/concept-scheme/member-skills","Selection and usage of appropriate tools and equipment for trimming bovine hooves. Carry out the trimming of bovine hooves to maintain hoof health, welfare of the animal and productivity taking into account safe working practices for self and animal."
http://data.europa.eu/esco/skill/96835f47-da71-415b-8cbf-d37386dc98d4,skill/competence,cross-sector,conduct environmental surveys,"conduct surveys on risks to the environment
collect information on environmental risks through implementation of surveys
carry out environmental surveys
conduct environment surveys
gather data on environmental risks through conducting surveys
execute environmental surveys
undertake environmental surveys
conduct surveys on environmental risks
perform environmental surveys
collect data on environmental risks through implementation of surveys",,released,2024-02-09T17:29:12.952Z,,,"http://data.europa.eu/esco/concept-scheme/skills,
http://data.europa.eu/esco/concept-scheme/green,
http://data.europa.eu/esco/concept-scheme/member-skills",Conduct surveys in order to collect information for analysis and management of environmental risks within an organisation or in a wider context.
http://data.europa.eu/esco/skill/97272b3e-d497-4420-893d-612b15d377d9,knowledge,sector-specific,e-agriculture,"smart agriculture
smart farming
agriculture 4.0
information and communication technology in agriculture
digital agriculture",,released,2024-02-28T11:16:02.638Z,,,"http://data.europa.eu/esco/concept-scheme/skills,
http://data.europa.eu/esco/concept-scheme/member-skills,
http://data.europa.eu/esco/concept-scheme/6c930acd-c104-4ece-acf7-f44fd7333036","The design and application of innovative ICT solutions in agriculture, horticulture, viniculture, fishery, forestry and livestock management."
http://data.europa.eu/esco/skill/97725325-5287-4ebb-9f83-1ba2c38f465c,skill/competence,cross-sector,produce sustainable products,"produce low-impact products
develop sustainable products
fabricate green products
manufacture sustainable products",,released,2025-04-03T09:22:29.909Z,,,"http://data.europa.eu/esco/concept-scheme/skills,
http://data.europa.eu/esco/concept-scheme/green,
http://data.europa.eu/esco/concept-scheme/member-skills","Manufacture goods in a sustainable manner throughout the product lifecycle which involves promoting social responsibility, conserving resources, and minimizing negative environmental impacts."
http://data.europa.eu/esco/skill/979cf728-896f-4f2c-8fa8-2698ca0d4930,skill/competence,cross-sector,publish academic research,"publishes academic research
publish doctoral research
publishing academic research
publish research
publish academic studies",,released,2024-02-09T17:29:09.851Z,,,"http://data.europa.eu/esco/concept-scheme/skills,
http://data.europa.eu/esco/concept-scheme/member-skills,
http://data.europa.eu/esco/concept-scheme/research","Conduct academic research, in universities and research institutions, or on a personal account, publish it in books or academic journals with the aim of contributing to a field of expertise and achieving personal academic accreditation."
http://data.europa.eu/esco/skill/988f4ac3-a37c-4b0a-a40f-4e0e56b5919e,skill/competence,cross-sector,promote the transfer of knowledge,"valorise research findings in industry
valorise research findings in the public sector
ensure connection between research and industry",,released,2020-12-11T12:42:30.498Z,,,"http://data.europa.eu/esco/concept-scheme/skills,
http://data.europa.eu/esco/concept-scheme/member-skills,
http://data.europa.eu/esco/concept-scheme/research","Deploy broad awareness of processes of knowledge valorisation aimed to maximise the two–way flow of technology, intellectual property, expertise and capability between the research base and industry or the public sector."
http://data.europa.eu/esco/skill/9a58cd26-58eb-4a1c-b1b6-64037fe9cfa1,skill/competence,cross-sector,think abstractly,"thinking in abstractions
thinking in abstract concepts
conceptualise reality
carry out abstraction of concepts
conceptualise abstract ideas",,released,2024-02-26T16:23:39.49Z,,,"http://data.europa.eu/esco/concept-scheme/skills,
http://data.europa.eu/esco/concept-scheme/member-skills,
http://data.europa.eu/esco/concept-scheme/research","Demonstrate the ability to use concepts in order to make and understand generalisations, and relate or connect them to other items, events, or experiences."
http://data.europa.eu/esco/skill/9a6e9f3a-830d-4bdf-9aee-3db636e8e93d,knowledge,sector-specific,livestock farming systems,"range of livestock husbandry systems
types of livestock husbandry systems
range of livestock farming systems
characteristics of livestock farming systems
systems for livestock husbandry
systems of livestock husbandry
systems for livestock farming
characteristics of livestock husbandry systems
systems of livestock farming
types of livestock farming systems",,released,2024-02-09T17:29:14.494Z,Both organic and non-organic farming systems.,,"http://data.europa.eu/esco/concept-scheme/skills,
http://data.europa.eu/esco/concept-scheme/member-skills",The allocation of farming resources in relation to livestock farming and husbandry systems.
http://data.europa.eu/esco/skill/9b115fce-f6ee-4d20-96f5-847fc6b11c6b,skill/competence,sector-specific,maintain the greenhouse,"greenhouse maintaining
greenhouse cleaning
clean the greenhouse
maintaining the greenhouse
cleaning the greenhouse",,released,2024-02-09T17:29:15.235Z,,,"http://data.europa.eu/esco/concept-scheme/skills,
http://data.europa.eu/esco/concept-scheme/member-skills","Perform maintenance work on greenhouses. Clean greenhouse windows, drains and gutters."
http://data.europa.eu/esco/skill/9b3445d0-c567-4880-a592-eedd710e4a11,skill/competence,sector-specific,clean stalls,"cleaning stalls
mucking-out stalls
stalls cleaning
stall mucking-out
stall cleaning
muck-out stalls
stalls mucking-out",,released,2024-02-09T17:29:09.851Z,"Stalls should be thoroughly cleaned every day, with additional manure and wet spots picked up as frequently as possible.",,"http://data.europa.eu/esco/concept-scheme/skills,
http://data.europa.eu/esco/concept-scheme/member-skills",Clean stalls to remove all soiled bedding to prevent moisture and fumes from building up and to cut down on potential parasite problems.
http://data.europa.eu/esco/skill/9ba33cce-53f4-4cde-b473-f9707569fcea,skill/competence,sector-specific,perform farm equipment hygiene,"performing hygiene on farm equipment
sanitising milking equipment
performing farm equipment hygiene
milking equipment sanitising
milking equipment cleaning
farm equipment hygiene performing
perform hygiene on farm equipment
clean milking equipment
cleaning milking equipment
sanitise milking equipment",,released,2024-02-09T17:29:13.7Z,,,"http://data.europa.eu/esco/concept-scheme/skills,
http://data.europa.eu/esco/concept-scheme/member-skills","Clean and sanitise equipment used in milking: milk storage tanks, collection cups, and udders of the animals. Ensure that procedures for the sanitary handling of milk are followed."
http://data.europa.eu/esco/skill/9babbf24-1523-4b74-9770-c07c447920cc,knowledge,sector-specific,fruit and vegetable products,"fruit and vegetable product
fruits and vegetables products
fruit and vegetable commodities
fruit and vegetable stock
fruit and vegetable brands
fruit and vegetable merchandise
fruit and vegetable goods",,released,2024-02-09T17:29:14.494Z,,,"http://data.europa.eu/esco/concept-scheme/skills,
http://data.europa.eu/esco/concept-scheme/member-skills","The offered fruit and vegetable products, their functionalities, properties and legal and regulatory requirements."
http://data.europa.eu/esco/skill/9c071f1d-eac3-449d-b004-c14775b5a3b9,knowledge,sector-specific,mechanical engineering,"analyse mechanisms
design mechanisms
mechanism engineering
engineering of mechanical systems
maintain mechanisms
mechanical system engineering
manufacture mechanisms
engineering of mechanisms",,released,2024-02-09T17:29:13.7Z,,,"http://data.europa.eu/esco/concept-scheme/skills,
http://data.europa.eu/esco/concept-scheme/member-skills","Discipline that applies principles of physics, engineering and materials science to design, analyse, manufacture and maintain mechanical systems."
http://data.europa.eu/esco/skill/9c2f2331-960f-41ee-a2c9-d26e258a156e,skill/competence,sector-specific,spray pesticides,"spraying pesticides
spray pesticide
spray insecticides
apply pesticides through spraying",,released,2024-02-09T17:29:11.47Z,,,"http://data.europa.eu/esco/concept-scheme/skills,
http://data.europa.eu/esco/concept-scheme/member-skills","Spray pesticide solutions to keep insects, fungus, weed growth, and diseases under control."
http://data.europa.eu/esco/skill/9c82bca5-0a2d-4641-96ab-177312c85207,skill/competence,occupation-specific,manage pest and weed control,"pests and weeds managing
manage pests and weeds
pest and weed control managing
managing pests and weeds
managing pest and weed control",,released,2024-02-09T17:29:09.009Z,,,"http://data.europa.eu/esco/concept-scheme/skills,
http://data.europa.eu/esco/concept-scheme/member-skills",Manage pest and weeds manually or by machine with the use of biological or chemicals.
http://data.europa.eu/esco/skill/9d3490b2-a0e6-415b-81a4-a3a4a63268b0,skill/competence,sector-specific,maintain plant health,"sustaining health of plants
maintaining health of plants
sustain plant health
maintaining plant health
sustaining plant health
plant health maintaining
sustain health of plants
maintain health of plants
plant health sustaining",,released,2024-02-09T17:29:17.515Z,,,"http://data.europa.eu/esco/concept-scheme/skills,
http://data.europa.eu/esco/concept-scheme/green,
http://data.europa.eu/esco/concept-scheme/member-skills",Manage and support overall plant health. Practice sustainable gardening techniques and integrated pest management in gardens both outdoor and indoor.
http://data.europa.eu/esco/skill/9d572a68-dacf-4043-b38c-9629d3fb9373,skill/competence,sector-specific,advise horse owners on farriery requirements,"horse owner advising on farriery requirements
horse owner guiding on farriery requirements
horse owners guiding on farriery requirements
guide horse owners on farriery requirements
advising horse owners on farriery requirements
guiding horse owners on farriery requirements
horse owners advising on farriery requirements",,released,2024-02-09T17:29:14.494Z,,,"http://data.europa.eu/esco/concept-scheme/skills,
http://data.europa.eu/esco/concept-scheme/member-skills",Discuss and agree the farriery and hoof care requirements of the equine with the responsible person.
http://data.europa.eu/esco/skill/9d75efb9-0c77-4f86-b5e7-99100808564a,knowledge,cross-sector,pest control in plants,"typology of pest control in plants
biology of pests found in plants
types of pest found in plants
methods for pest control in plants
types of pest control in plants
typology of pest found in plants
techniques for pest control in plants
kinds of pests found in plants
features of pests found in plants",,released,2024-02-09T17:29:10.678Z,,,"http://data.europa.eu/esco/concept-scheme/skills,
http://data.europa.eu/esco/concept-scheme/green,
http://data.europa.eu/esco/concept-scheme/member-skills","Types and features of pests in plants and crops. Different kinds of pest control methods, activities using conventional or biological methods taking into account the type of plant or crop, environmental and climate conditions and health and safety regulations. Storage and handling of products."
http://data.europa.eu/esco/skill/9dea0656-bc8a-436c-bb78-e29b0f5ef317,knowledge,sector-specific,effects of pesticides in food raw materials,"the effects of pesticides in food raw materials
consequences of pesticides in food raw materials
repercussions of pesticides in food raw materials
effects of pesticides on food raw materials
the effects of pesticides on food raw materials
side effects of pesticides in food raw materials
reactions of pesticides in food raw materials",,released,2024-02-09T17:29:13.7Z,,,"http://data.europa.eu/esco/concept-scheme/skills,
http://data.europa.eu/esco/concept-scheme/member-skills",Different types of pesticides used for food raw materials to control proper use of those substances preserving main characteristics of products.
http://data.europa.eu/esco/skill/9eb2cbeb-1501-455a-a82b-402857bb1fb8,knowledge,sector-specific,animal reproductive system,"animal reproductive cycle
animal reproductive organs
animal endocrinology
reproductive animal anatomy and physiology
reproductive system of animals",,released,2024-02-09T17:29:12.952Z,,,"http://data.europa.eu/esco/concept-scheme/skills,
http://data.europa.eu/esco/concept-scheme/member-skills","The anatomy of the genital tract and the reproductive cycle of animals, animal physiology and endocrinology."
http://data.europa.eu/esco/skill/9ff9db9d-d14b-426e-83f3-e7449af6c79f,skill/competence,sector-specific,manage data,"administer data
data administration
manage data lifecycle
operate data quality tools
data resource management",,released,2025-05-16T14:42:49.886Z,,,"http://data.europa.eu/esco/concept-scheme/skills,
http://data.europa.eu/esco/concept-scheme/member-skills,
http://data.europa.eu/esco/concept-scheme/6c930acd-c104-4ece-acf7-f44fd7333036","Administer all types of data resources through their lifecycle by performing data profiling, parsing, standardisation, identity resolution, cleansing, enhancement and auditing. Ensure the data is fit for purpose, using specialised ICT tools to fulfil the data quality criteria."
http://data.europa.eu/esco/skill/a07a5d41-add0-4d0f-ad01-718d39554be8,knowledge,sector-specific,applied zoology,applied animal biology,,released,2024-02-09T17:29:17.515Z,,,"http://data.europa.eu/esco/concept-scheme/skills,
http://data.europa.eu/esco/concept-scheme/member-skills","The science of applying animal anatomy, physiology, ecology, and behaviour in a particular practical context."
http://data.europa.eu/esco/skill/a11c4c9c-ed68-4dcd-b7ef-841e7e347d70,skill/competence,sector-specific,conduct soil sample tests,"carry out soil sample tests
testing soil samples
carrying out soil sample tests
conduct of soil sample tests
soil sample testing
soil sample tests conduct
conducting soil sample tests
conducting of soil sample tests",,released,2024-02-09T17:29:14.494Z,,,"http://data.europa.eu/esco/concept-scheme/skills,
http://data.europa.eu/esco/concept-scheme/member-skills",Analyse and test soil samples; determine gas chromatography and gather relevant isotope and carbon information; determine viscosity.
http://data.europa.eu/esco/skill/a131d45c-7f0b-457e-9294-4e7e32f6b2af,skill/competence,sector-specific,tend vines,"vine tending
vineyards tending
vines tending
tending vines
tending vineyards
vineyard tending
tend vineyard",,released,2024-02-09T17:29:09.851Z,,,"http://data.europa.eu/esco/concept-scheme/skills,
http://data.europa.eu/esco/concept-scheme/member-skills","Plant, thin, weed, sucker and tie vines."
http://data.europa.eu/esco/skill/a1816dfd-dbdc-4499-bef3-ff81dd895b33,knowledge,cross-sector,industrial engineering,"industrial engineering analysis
engineering for industry
industrial engineering fieldwork
industrial engineering analyses
industrial engineering studies
industrial engineering applications
industrial engineering research
industrial engineering work",,released,2024-02-09T17:29:13.7Z,,,"http://data.europa.eu/esco/concept-scheme/skills,
http://data.europa.eu/esco/concept-scheme/member-skills","The field of engineering concerned with the development, improvement, and implementation of complex processes and systems of knowledge, people, equipment, etc."
http://data.europa.eu/esco/skill/a1a032e1-4b7a-4603-8516-43d83707ffac,skill/competence,cross-sector,set up machine controls,"prepare machine controls
set up of machine controls
setting up machine controls
arrange machine controls
erect machine controls
assemble machine controls
set up machine control",,released,2024-02-09T17:29:13.7Z,,,"http://data.europa.eu/esco/concept-scheme/skills,
http://data.europa.eu/esco/concept-scheme/member-skills","Set up or adjust machine controls to regulate conditions such as material flow, temperature, or pressure."
http://data.europa.eu/esco/skill/a2b5dcf3-5b6a-453d-876c-cff540c0faf1,knowledge,cross-sector,CAD software,"CADD software
CAD software for modelling
computer assisted design
software computer assisted design and drafting software
CAD software for design
CAD software for simulation","CATIA V5
Inventor
CATIA
Autodesk AutoCAD
MathCad
Autodesk Inventor
CATIA R2023x
Microstation
3DEXPERIENCE CATIA",released,2025-04-11T14:04:13.46Z,"CAD software should be differentiated from computer-aided design and drafting (CADD) software. CADD systems are CAD systems with additional drafting features. For example, CADD systems enable an engineer or <a resource=""http://data.europa.eu/esco/occupation/8c3f536e-ba66-4321-ba40-363dc39f129b"" typeOf=""http://data.europa.eu/esco/model#Occupation"" href=""http://data.europa.eu/esco/occupation/8c3f536e-ba66-4321-ba40-363dc39f129b""><span property=""http://www.w3.org/2000/01/rdf-schema#label"" xml:lang=""en"">architect</span></a> to insert size annotations and other notes into a design.",,"http://data.europa.eu/esco/concept-scheme/skills,
http://data.europa.eu/esco/concept-scheme/member-skills,
http://data.europa.eu/esco/concept-scheme/6c930acd-c104-4ece-acf7-f44fd7333036","The computer-aided design (CAD) software for creating, modifying, analysing or optimising a design."
http://data.europa.eu/esco/skill/a311a3e3-efe3-4cce-9515-c07eb0341e4f,skill/competence,sector-specific,monitor daily work,"oversee daily work
daily work overseeing
daily work monitoring
monitoring daily work
overseeing daily work",,released,2024-02-09T17:29:15.968Z,,,"http://data.europa.eu/esco/concept-scheme/skills,
http://data.europa.eu/esco/concept-scheme/member-skills","Planning the day's work and assigns tasks equally to the workers and employees at harvest accordance with the plans drawn up by his superior, explains the work to do, advises workers on their work to guide them. Monitors the progress of activities and resolve issues, if any. Prepares equipment and ensures the availability and proper functioning of the tools."
http://data.europa.eu/esco/skill/a3de6101-ec52-4686-9ed9-1aaf89b58458,knowledge,sector-specific,wine related sciences,"range of sciences related to wine making
scope of wine-related sciences
range of wine related sciences
range of wine-related sciences
field of wine-related sciences
field of wine related sciences
sciences related to wine making
scope of wine related sciences
field of sciences related to wine making",,released,2024-02-09T17:29:16.725Z,,,"http://data.europa.eu/esco/concept-scheme/skills,
http://data.europa.eu/esco/concept-scheme/member-skills","Sciences such as chemistry, biology and microbiology, as well as laboratory skills, where they concern wine."
http://data.europa.eu/esco/skill/a551ec45-db14-4d5a-84ee-20abef51e739,skill/competence,sector-specific,market farm products,"farm products promoting
farm products marketing
promoting farm products
marketing farm products
farm product marketing
farm product promoting
promote farm products",,released,2024-02-09T17:29:12.215Z,,,"http://data.europa.eu/esco/concept-scheme/skills,
http://data.europa.eu/esco/concept-scheme/member-skills",Market the products of the farm. Make sure that the product is ready for marketing and introduce the products to customers by using appropriate marketing methods.
http://data.europa.eu/esco/skill/a584a638-a2c0-4b3c-bdf3-a64f87225be9,skill/competence,cross-sector,mentor individuals,"support individuals
help individuals
guide individuals
guide people
support people
help people",,released,2024-02-09T17:29:15.235Z,,,"http://data.europa.eu/esco/concept-scheme/skills,
http://data.europa.eu/esco/concept-scheme/member-skills,
http://data.europa.eu/esco/concept-scheme/research","Mentor individuals by providing emotional support, sharing experiences and giving advice to the individual to help them in their personal development, as well as adapting the support to the specific needs of the individual and heeding their requests and expectations."
http://data.europa.eu/esco/skill/a5a146a4-a2e5-4d47-a982-192c42f5d449,skill/competence,sector-specific,comply with agricultural code of practice,"following agreed business practices in agriculture
complying with code of practice in agriculture
complying with codes of practice in agriculture
complying with agricultural code of practice
adhere to business rules in agriculture
follow agreed business practices in agriculture
adhering to business rules in agriculture",,released,2024-02-09T17:29:12.215Z,,,"http://data.europa.eu/esco/concept-scheme/skills,
http://data.europa.eu/esco/concept-scheme/member-skills",Adhere to a decree which talks about a series of rules and practices in business transactions between horticultural growers and sellers.
http://data.europa.eu/esco/skill/a5f836cc-7e6d-4f3d-a7ee-0146ebb84260,skill/competence,sector-specific,create soil and plant improvement programmes,"develop soil improvement programmes
develop plant improvement programmes
create soil improvement programmes
soil improvement programme developing
developing plant improvement programmes
developing soil and plant improvement programmes
create plant improvement programmes
plant improvement programme developing
soil and plant improvement programme developing
develop soil and plant improvement programmes
creating soil improvement programmes
plant improvement programme creating
creating soil and plant improvement programmes
developing soil improvement programmes
soil and plant improvement programme creating
soil improvement programme creating
creating plant improvement programmes
create soil and plant improvement programs",,released,2016-12-20T17:36:37Z,,,"http://data.europa.eu/esco/concept-scheme/skills,
http://data.europa.eu/esco/concept-scheme/green,
http://data.europa.eu/esco/concept-scheme/member-skills",Develop and advise on implementation of soil health and plant nutrition programs.
http://data.europa.eu/esco/skill/a6433dcd-ba3c-410d-8b55-ad415e3583ec,skill/competence,occupation-specific,perform safety inspections on spraying equipment,"perform safety inspection on spraying equipment
perform safety inspections on spray equipment
performing safety inspections on spraying equipment
perform careful examination on the safety of spraying equipment
do safety inspections on spraying equipment",,released,2024-02-09T17:29:15.968Z,,,"http://data.europa.eu/esco/concept-scheme/skills,
http://data.europa.eu/esco/concept-scheme/member-skills",Conduct regular checks on all spraying equipment in order to make sure it is functioning properly.
http://data.europa.eu/esco/skill/a6bbc19a-381c-4c60-a79a-41dea2d1a422,skill/competence,sector-specific,drive agricultural machines,"using tractor
drive farm machines
operation of tractors
operate tractor
driving agricultural machines
agricultural machines driving
forklift driving
driving tractors
agricultural machine driving
tractor operation
driving forklifts
drive forklifts
driving farm machines
drive tractors",,released,2025-07-31T09:48:14.958Z,,,"http://data.europa.eu/esco/concept-scheme/skills,
http://data.europa.eu/esco/concept-scheme/member-skills","Drive tractors, forklifts and other vehicles to transport crops as well as to deliver high torque at low speeds. Move equipment in fields and around buildings, making the appropriate adjustments and maneuvers."
http://data.europa.eu/esco/skill/a7309d64-6209-49d7-878e-2b0e403908a4,knowledge,sector-specific,livestock feeding,"types of livestock feeding
techniques of livestock feeding
range of livestock feed
types of livestock feed
methods of livestock feeding
characteristics of livestock feed
principles of livestock feeding
varieties of livestock feed",,released,2024-02-09T17:29:12.215Z,,,"http://data.europa.eu/esco/concept-scheme/skills,
http://data.europa.eu/esco/concept-scheme/member-skills",Food given to domestic animals in the course of animal husbandry.
http://data.europa.eu/esco/skill/a7573f65-d00c-417f-b952-441ebaeed675,skill/competence,sector-specific,create crop protection plans,"design crop protection plans
design plans for crop protection
create plans for crop protection
designing plans for crop protection
crop protection plans designing
designing crop protection plans
crop protection plans creating
creating plans for crop protection
creating crop protection plans",,released,2024-02-09T17:29:15.968Z,,,"http://data.europa.eu/esco/concept-scheme/skills,
http://data.europa.eu/esco/concept-scheme/green,
http://data.europa.eu/esco/concept-scheme/member-skills",Monitor crops for issues with crop protection. Design integrated control strategies. Assess the consequences of pesticide application. Keep up with developments in biotechnology to help reduce usage of chemicals. Manage pesticide resistance.
http://data.europa.eu/esco/skill/a8429098-ddac-481b-91e7-688d021c092e,knowledge,cross-sector,ecology,"principles of ecology
ecological principles
science of ecology
considerations in environmental planning and design
principles of environmental planning and design
field of environmental planning and design
field of principles of ecology",,released,2024-02-09T17:29:15.968Z,,,"http://data.europa.eu/esco/concept-scheme/skills,
http://data.europa.eu/esco/concept-scheme/green,
http://data.europa.eu/esco/concept-scheme/member-skills",The study of how organisms interact and their relation to the ambient environment.
http://data.europa.eu/esco/skill/a8d24a95-47b3-4f88-92e7-06600bcd3612,skill/competence,cross-sector,manage personal professional development,"develop own practice
continuously develop your own practices
research identify and resource your continuing professional development
identify priority areas for professional development
continuously develop own practice
manage personal lifelong learning
develop own practices continuously
conduct personal professional development
research own continuing professional development
develop own practice continuously
undertake responsibility on continuous professional development",,released,2024-02-09T17:29:09.851Z,,,"http://data.europa.eu/esco/concept-scheme/skills,
http://data.europa.eu/esco/concept-scheme/member-skills,
http://data.europa.eu/esco/concept-scheme/research",Take responsibility for lifelong learning and continuous professional development. Engage in learning to support and update professional competence. Identify priority areas for professional development based on reflection about own practice and through contact with peers and stakeholders. Pursue a cycle of self-improvement and develop credible career plans.
http://data.europa.eu/esco/skill/a8f1c3cf-bd8b-4c85-80d3-c69955f6bd00,knowledge,sector-specific,pruning techniques,"typology of pruning techniques
plant trimming regimes
range of plant trimming techniques
range of pruning techniques
plant trimming methods
techniques for pruning
types of pruning techniques
plant trimming techniques",,released,2024-02-09T17:29:15.235Z,,,"http://data.europa.eu/esco/concept-scheme/skills,
http://data.europa.eu/esco/concept-scheme/green,
http://data.europa.eu/esco/concept-scheme/member-skills",The techniques of selectively removing parts of trees and plants to foster better growth and regeneration.
http://data.europa.eu/esco/skill/a93011ca-e6ab-4182-8a05-4d4b282cff27,skill/competence,cross-sector,check quality of raw materials,"check the quality of raw materials at reception
audit the quality of raw materials at reception
assess grade of base resources and materials
audit quality of raw materials
test the quality of raw materials at reception
test quality of raw materials
assess quality of raw materials
assess the quality of raw materials at reception
review quality of raw materials
review grade of base resources and materials
audit grade of base resources and materials
test grade of base resources and materials",,released,2025-02-27T12:45:08.961Z,,,"http://data.europa.eu/esco/concept-scheme/skills,
http://data.europa.eu/esco/concept-scheme/member-skills","Check the quality of basic materials used for the production of semi-finished and finished goods by assessing some of its characteristics and, if needed, select samples to be analysed."
http://data.europa.eu/esco/skill/aafbfaa4-5f93-457e-8cb8-d4ed855277f8,skill/competence,sector-specific,analyse experimental laboratory data,"interpret experimental laboratory data
interpret results of laboratory experiments
examine experimental laboratory data
analyze experimental laboratory data",,released,2025-11-26T10:23:37.338Z,,,"http://data.europa.eu/esco/concept-scheme/skills,
http://data.europa.eu/esco/concept-scheme/member-skills",Analyse experimental data and interpret results to write reports and summaries of findings.
http://data.europa.eu/esco/skill/ab6265f2-a9bf-49e8-a9a5-67cbab4de38b,skill/competence,sector-specific,manage inventory,"managing an inventory
supervise inventory
maintain inventory
manage inventories
regulate inventory
manage an inventory
oversee inventory",,released,2024-02-09T17:29:15.235Z,,,"http://data.europa.eu/esco/concept-scheme/skills,
http://data.europa.eu/esco/concept-scheme/member-skills",Control product inventory in balance of availability and storage costs.
http://data.europa.eu/esco/skill/aba1f05b-f312-47d8-be71-7c574134de8f,knowledge,cross-sector,advertising techniques,"an advertising techniques
advertising methods
advertising technique
advertising performance
techniques of advertising
advertising approaches
advertising skills",,released,2024-02-09T17:29:16.725Z,,,"http://data.europa.eu/esco/concept-scheme/skills,
http://data.europa.eu/esco/concept-scheme/member-skills","The communication strategies intended to persuade or encourage an audience, and the different media which are used to achieve this goal."
http://data.europa.eu/esco/skill/abcfd4de-3b3d-48ed-a002-36071bad8d46,skill/competence,cross-sector,manage chemical testing procedures,"oversee chemical testing procedures
managing chemical testing procedures
overseeing chemical testing procedures
supervising chemical testing procedures
supervise chemical testing procedures",,released,2024-02-09T17:29:15.235Z,,,"http://data.europa.eu/esco/concept-scheme/skills,
http://data.europa.eu/esco/concept-scheme/member-skills",Manage the procedures to be used in chemical testing by designing them and conducting tests accordingly.
http://data.europa.eu/esco/skill/acecc13c-90fa-406f-81e3-eb71bca47ae5,skill/competence,cross-sector,complete report sheets of activity,"complete activity reports
compile report sheets of activity
fill out report sheets of activity
complete report sheets of activities
complete report sheet of activity
completing report sheets of activity
fill in report sheets of activity
write up report sheets of activity",,released,2024-02-09T17:29:16.725Z,,,"http://data.europa.eu/esco/concept-scheme/skills,
http://data.europa.eu/esco/concept-scheme/member-skills","Keep written records of the service provided on a regular or punctual basis, with explicit hours of work performed and signature."
http://data.europa.eu/esco/skill/adae94b8-32e6-46f4-8fa2-8ed6b51e9357,skill/competence,sector-specific,plant according to guidelines,"planting according to guidelines
plant in accordance to rules
plant according to regulations
plant according to guideline",,released,2024-02-09T17:29:16.725Z,,,"http://data.europa.eu/esco/concept-scheme/skills,
http://data.europa.eu/esco/concept-scheme/member-skills","Plant according to guidelines including instructions on digging, staking and maintenance."
http://data.europa.eu/esco/skill/ae6d655d-bbce-4701-ba04-d687cfa90eda,skill/competence,sector-specific,safeguard biodiversity,"bio-diversity sustaining
bio-diversity protecting
biodiversity sustaining
sustaining bio-diversity
sustaining biodiversity
sustain biodiversity
sustain bio-diversity
protect bio-diversity
biodiversity protecting
protecting bio-diversity
protecting biodiversity
protect biodiversity",,released,2020-06-25T20:04:22.928Z,,,"http://data.europa.eu/esco/concept-scheme/skills,
http://data.europa.eu/esco/concept-scheme/green,
http://data.europa.eu/esco/concept-scheme/member-skills","Protect biodiversity among animals, plants and microorganism by adopting environmentally sustainable actions such as maintaining natural habitats and preserving nature."
http://data.europa.eu/esco/skill/ae7fd197-bd54-464b-bc6d-ec2be41e4fea,skill/competence,sector-specific,advise on wine quality improvement,"vineyard quality improvement advising
advising on wine quality improvement
advise on quality improvement of wine
advising on quality improvement of vineyard
wine quality improvement advising
advise on vineyard quality improvement
advise on quality improvement of vineyard
advising on quality improvement of wine
advising on vineyard quality improvement",,released,2024-02-09T17:29:09.009Z,,,"http://data.europa.eu/esco/concept-scheme/skills,
http://data.europa.eu/esco/concept-scheme/member-skills",Advise on wine quality improvement especially related to technical aspects of vineyard cultivation.
http://data.europa.eu/esco/skill/af13a0c8-52c0-475d-84a0-05e978fd45bb,skill/competence,occupation-specific,participate in vine preparation,"contribute to vine preparation
taking part in vine preparation
participate in preparation of vines
participating in vine preparation
participating in preparation of vines
take part in vine preparation
contributing to vine preparation
vine preparation participating",,released,2024-02-09T17:29:15.968Z,,,"http://data.europa.eu/esco/concept-scheme/skills,
http://data.europa.eu/esco/concept-scheme/member-skills","Participates in vine preparation, harrowing, laying stakes, chains and pins, planting vines."
http://data.europa.eu/esco/skill/af9b6098-7d2f-4990-b4eb-d7dd73fdb933,skill/competence,sector-specific,prune plants,"pruning plants
use pruning tools
using pruning tools
plants pruning
carry out pruning
plant pruning
carrying out pruning",,released,2024-02-09T17:29:09.009Z,,,"http://data.europa.eu/esco/concept-scheme/skills,
http://data.europa.eu/esco/concept-scheme/member-skills","Carry out pruning with relevant tools, related to the different purposes like maintenance pruning, pruning for growth, pruning for fruiting, debudding and volume reduction."
http://data.europa.eu/esco/skill/afdcb380-ef9f-4785-b877-cc551f035034,knowledge,cross-sector,agronomy,"methods of agronomy
principles of agronomy
sustainable agronomical principles and methods
agronomy knowledge
scope of economics of agriculture
agro-economics
scope of agro-economics
economics of agriculture
agricultural economics
techniques of agronomy
scope of agricultural economics",,released,2023-04-04T12:21:36.913Z,,,"http://data.europa.eu/esco/concept-scheme/skills,
http://data.europa.eu/esco/concept-scheme/green,
http://data.europa.eu/esco/concept-scheme/member-skills",The study of combining agriculture production and protection and regeneration of natural environment. It includes the principles and methods of critical selection and adequate application methods for sustainability in agriculture.
http://data.europa.eu/esco/skill/b07daddc-8625-4360-946e-ad2b0e56ebf6,skill/competence,cross-sector,read engineering drawings,"read of engineering drawings
study engineering drawings
peruse engineering drawings
interpret engineering drawings
view engineering drawings
reading engineering drawings
read an engineering drawing",,released,2024-02-09T17:29:13.7Z,,,"http://data.europa.eu/esco/concept-scheme/skills,
http://data.europa.eu/esco/concept-scheme/member-skills","Read the technical drawings of a product made by the engineer in order to suggest improvements, make models of the product or operate it."
http://data.europa.eu/esco/skill/b0c160d0-853e-4222-b389-0433e5a37385,skill/competence,occupation-specific,spread fertiliser,"spreading fertiliser
applying fertiliser
apply fertiliser
fertiliser spreading
spreading of fertiliser
spread fertilizer
fertiliser applying
applying of fertiliser",,released,2016-12-20T17:23:14Z,,,"http://data.europa.eu/esco/concept-scheme/skills,
http://data.europa.eu/esco/concept-scheme/member-skills",Spread fertiliser solutions to enhance plant growth.
http://data.europa.eu/esco/skill/b2b8ec41-d6d1-470d-9e78-4eee515aaa3d,skill/competence,cross-sector,operate chainsaw,"execute activities using chainsaws
using chain saw
control chainsaw
using chainsaw
chain saw using
cutting with chainsaw
use chainsaw
carry out chainsaw operations
handle chainsaw
utilise chainsaw
perform chainsaw operations
cut with chain saw
cutting with chain saw
chainsaw using
cut with chainsaw
use chain saw
manipulate chainsaw
perform tasks using chainsaws
perform activities using chainsaws",,released,2024-02-09T17:29:15.968Z,,,"http://data.europa.eu/esco/concept-scheme/skills,
http://data.europa.eu/esco/concept-scheme/member-skills","Operate mechanical chainsaw powered by electricity, compressed air or gasoline."
http://data.europa.eu/esco/skill/b34e2ba1-9080-48c9-9b42-ee9192a4d3f1,skill/competence,cross-sector,use CAD software,"adopt CAD software
operate CAD software
apply CAD software
use of CAD software
handle CAD software
using CAD software
CAD software use",,released,2024-02-09T17:29:11.47Z,,,"http://data.europa.eu/esco/concept-scheme/skills,
http://data.europa.eu/esco/concept-scheme/member-skills,
http://data.europa.eu/esco/concept-scheme/6c930acd-c104-4ece-acf7-f44fd7333036","Use computer-aided design (CAD) systems to assist in the creation, modification, analysis, or optimisation of a design."
http://data.europa.eu/esco/skill/b34f8562-9fcc-4e58-bd1c-8088ebadd315,skill/competence,sector-specific,advise on nature conservation,"give advice on nature conservation issues
advise on the conservation of nature
advise on issues relating to nature conservation
give advice on nature conservation
give consultancy on nature conservation
advise on issues relating to the conservation of nature",,released,2024-02-09T17:29:09.009Z,,,"http://data.europa.eu/esco/concept-scheme/skills,
http://data.europa.eu/esco/concept-scheme/green,
http://data.europa.eu/esco/concept-scheme/member-skills",Provide information and suggested actions relating to the conservation of nature.
http://data.europa.eu/esco/skill/b420fc4f-284a-4383-a618-0973f061b1be,skill/competence,sector-specific,develop grape growing techniques,"improve grape growing techniques
grape growing techniques improving
grape growing technique improving
grape growing technique developing
improving grape growing techniques
developing grape growing techniques
grape growing techniques developing",,released,2024-02-09T17:29:12.952Z,,,"http://data.europa.eu/esco/concept-scheme/skills,
http://data.europa.eu/esco/concept-scheme/member-skills","Develop growing techniques for wine grapes to improve wine quality and returns. Work on trellis design, canopy and fruit management, plant physiology, growth regulators, vine capacity and crop load determinations."
http://data.europa.eu/esco/skill/b47da85a-bfde-4012-a3b2-60be9f7ddcdc,skill/competence,cross-sector,research improvement of crop yields,"researching improvement of crop yields
improvement of crop yield research
crop yield improvement research
examine improvement of crop yields
evaluate improvement of crop yields
study improvement of crop yields
analyse improvement of crop yields",,released,2024-02-09T17:29:10.678Z,,,"http://data.europa.eu/esco/concept-scheme/skills,
http://data.europa.eu/esco/concept-scheme/member-skills","Study crop production in order to discover the best way to plant, gather, and cultivate crops to increase productivity."
http://data.europa.eu/esco/skill/b4db1a85-2488-4dc9-bd53-3dcb3f9deac7,knowledge,cross-sector,fertilisation principles,"principles of plant fertilisation
knowledge of principles of plant fertilisation
principles of fertilisation
plant fertilisation principles
knowledge of plant fertilisation principles
knowledge of principles of fertilisation
knowledge of fertilisation principles",,released,2024-02-09T17:29:09.009Z,,,"http://data.europa.eu/esco/concept-scheme/skills,
http://data.europa.eu/esco/concept-scheme/green,
http://data.europa.eu/esco/concept-scheme/member-skills","The study of plant, soil structure, climatic and environmental issues in agronomical production."
http://data.europa.eu/esco/skill/b5a8e3fe-63b3-4a67-a4c4-dee8f4ff5d1a,knowledge,sector-specific,safe work practices in a veterinary setting,"safe work practices in veterinary settings
risk-prevention in a veterinary setting
safe work practice in veterinary setting
safe work practices in a veterinary work environment",,released,2024-02-09T17:29:12.215Z,,,"http://data.europa.eu/esco/concept-scheme/skills,
http://data.europa.eu/esco/concept-scheme/member-skills","Safe work practices in a veterinary setting in order to identify hazards and associated risks so as to prevent accidents or incidents. This includes injury from animals, zoonotic diseases, chemicals, equipment and working environment."
http://data.europa.eu/esco/skill/b5cd2ce8-1c77-4028-b23f-3b1194da03ae,skill/competence,sector-specific,process dairy farm products,"manufacture dairy farm products
dairy farm products processing
dairy farm product processing
dairy farm product manufacturing
dairy farm products manufacturing
manufacturing dairy farm products
processing dairy farm products",,released,2024-02-09T17:29:09.851Z,"Applies to cattle, sheep and goat.",,"http://data.europa.eu/esco/concept-scheme/skills,
http://data.europa.eu/esco/concept-scheme/member-skills","Carry out on-farm processing of diary products using appropriate methods and equipment, following food hygiene regulations."
http://data.europa.eu/esco/skill/b66f9bca-e042-4eca-bd28-b81de0e5e129,skill/competence,sector-specific,advise on livestock productivity,"productivity advising on livestock
give advice on livestock productivity
livestock productivity advising
giving advice on livestock productivity
give livestock productivity advice
advising on livestock productivity",,released,2024-02-09T17:29:16.725Z,This may include advice on nutrition and reference to professional guidance such as veterinary services.,,"http://data.europa.eu/esco/concept-scheme/skills,
http://data.europa.eu/esco/concept-scheme/member-skills","Advise on improving livestock health and productivity, strengthening efficiency and value of the livestock by using appropriate methods and taking into account the livestock species."
http://data.europa.eu/esco/skill/b73035a9-bf06-412c-9796-db579f85995c,skill/competence,cross-sector,work with respect for own safety,"work respectfully for own safety
work for own safety with respect
apply safety rules when carrying out one's own duties
carry out work aware of risks to personal safety",,released,2024-02-09T17:29:15.968Z,,,"http://data.europa.eu/esco/concept-scheme/skills,
http://data.europa.eu/esco/concept-scheme/member-skills",Apply the safety rules according to training and instruction and based on a solid understanding of the prevention measures and risks to your own personal health and safety.
http://data.europa.eu/esco/skill/b7cf2d84-6c43-4baa-98cf-816a27336701,skill/competence,cross-sector,maintain gardening equipment,"repairing gardening equipment
repair gardening equipment
maintaining gardening equipment
gardening equipment maintaining
gardening equipment repairing",,released,2024-02-09T17:29:15.968Z,,,"http://data.europa.eu/esco/concept-scheme/skills,
http://data.europa.eu/esco/concept-scheme/member-skills",Perform daily maintenance on tools and equipment and report major faults to a superior.
http://data.europa.eu/esco/skill/b82f51d0-38d1-45f6-99a0-4586309c6b60,skill/competence,sector-specific,assess new farming technologies,"assess the necessity of new farming technologies
evaluating advances in farm technology
evaluate advances in farm technology
considering adoption of new farm technology
assessing the value of new farming technologies
consider implementation of new farm technology
assessing the need for new farming technologies
assessing the necessity of new farming technologies
assess the need for new farming technologies
assess the value of new farming technologies
considering implementation of new farm technology
consider adoption of new farm technology",,released,2020-06-23T13:24:08.684Z,,,"http://data.europa.eu/esco/concept-scheme/skills,
http://data.europa.eu/esco/concept-scheme/member-skills",Evaluate the development of new farming technologies and ideas in light of their use and appropriateness to a given farming situation.
http://data.europa.eu/esco/skill/b8931778-5f34-41a3-8200-b52357f70e74,knowledge,sector-specific,plant harvest methods,"types of plant harvest methods
methods of plant and crop harvesting
range of plant harvest methods
typology of plant and crop harvest methods
types of plant and crop harvest methods
range of plant and crop harvest methods
methods of plant harvesting
typology of plant harvest methods
plant and crop harvest methods",,released,2024-02-09T17:29:09.009Z,,,"http://data.europa.eu/esco/concept-scheme/skills,
http://data.europa.eu/esco/concept-scheme/member-skills","The various methods, timing and equipment involved in harvesting different crops and plants."
http://data.europa.eu/esco/skill/b9e19b5f-06c8-4062-b6aa-b3a1c06c40ce,skill/competence,sector-specific,dispose of dead animals,"dispose of dead animal
do away with dead animals
dispose of deceased animals
disposing of dead animals",,released,2024-02-09T17:29:10.678Z,,,"http://data.europa.eu/esco/concept-scheme/skills,
http://data.europa.eu/esco/concept-scheme/member-skills",Dispose of dead animals which are not considered a source of meat. Bury or cremate the animal based on the wishes of the owners or on other criteria.
http://data.europa.eu/esco/skill/b9f621b2-fecb-417c-98ca-802cbf0ba0b9,skill/competence,sector-specific,store crops,"preserving crops
preserve crops
crops storing
crops preserving
storing crops
crop preserving
crop storing",,released,2024-02-09T17:29:12.952Z,,,"http://data.europa.eu/esco/concept-scheme/skills,
http://data.europa.eu/esco/concept-scheme/member-skills","Store and preserve crops in accordance with standards and regulations to ensure their quality. Ensure that storage facilities are kept according to hyginic standards, regulating temperature, heating and air conditioning of storage facilities."
http://data.europa.eu/esco/skill/bb859329-0cd8-45c0-a09f-48b6dcd9fc1a,skill/competence,sector-specific,protect trees,"preserve and conserve trees
protect a tree
preserving and conserving trees
tree protecting
preserve and conserve a tree
protecting trees
protecting a tree
tree preserving and conserving
preserving and conserving a tree",,released,2024-02-09T17:29:16.725Z,,,"http://data.europa.eu/esco/concept-scheme/skills,
http://data.europa.eu/esco/concept-scheme/green,
http://data.europa.eu/esco/concept-scheme/member-skills",Preserve trees taking into account the health and conditions of the tree(s) and plans for preservation and conservation of the area. This includes the cutting of trees or branches on trees applying knowlege of the biology of the tree.
http://data.europa.eu/esco/skill/bc250150-3372-42c9-834a-a1b65f89ca0b,skill/competence,sector-specific,apply requirements concerning manufacturing of food and beverages,"administer requirements concerning manufacturing of food and beverages
apply requirements concerning the manufacture of food and beverages
employ requirements concerning manufacturing of food and beverages
apply requirements concerning the manufacturing of food and beverages
utilise requirements concerning manufacturing of food and beverages
implement requirements concerning manufacturing of food and beverages",,released,2024-02-09T17:29:15.235Z,,,"http://data.europa.eu/esco/concept-scheme/skills,
http://data.europa.eu/esco/concept-scheme/member-skills","Apply and follow national, international, and internal requirements quoted in standards, regulations and other specifications related with manufacturing of food and beverages."
http://data.europa.eu/esco/skill/bc54eee1-a858-4f80-afdc-0442a617ef50,skill/competence,cross-sector,conduct field work,"plan field work
conducting field work
carry out field work
organise field work
conduct of field work
conduct work in the field
undertake field work",,released,2024-02-09T17:29:09.851Z,,,"http://data.europa.eu/esco/concept-scheme/skills,
http://data.europa.eu/esco/concept-scheme/member-skills",Conducts field work or research which is the collection of information outside of a laboratory or workplace setting. Visit places in order to collect specific information about the field.
http://data.europa.eu/esco/skill/be6eac29-bb46-492d-a511-2438fca420bd,knowledge,sector-specific,horticultural design,"horticulture design
plant cultivation
horticultural knowledge",,released,2024-02-09T17:29:09.851Z,,,"http://data.europa.eu/esco/concept-scheme/skills,
http://data.europa.eu/esco/concept-scheme/member-skills","Design of horticultural areas taking into account factors, such as climate and microclimates, topography and orientation, site drainage and groundwater recharge, municipal and resource building codes, soils and irrigation, human and vehicular access and circulation, etc."
http://data.europa.eu/esco/skill/bed64efc-fd94-4fa4-aa3a-048c92c9255b,skill/competence,sector-specific,manage canopy,"tending canopy
managing canopy
canopy managing
tend canopy
canopy tending",,released,2024-02-09T17:29:10.678Z,Includes maintaining canopy within protocols established by Vineyard Consultant.,,"http://data.europa.eu/esco/concept-scheme/skills,
http://data.europa.eu/esco/concept-scheme/member-skills","Manage the parts of the vine visible above ground to improve grape yields, quality, and vigour. Prevent grape diseases, uneven grape ripening, sunburn, and frost damage."
http://data.europa.eu/esco/skill/bf7a45c4-0d72-4e6e-9da7-127b2b6656b7,skill/competence,sector-specific,apply GMP,"administer GMP
implement GMP
utilise GMP
employ GMP
applying GMP",,released,2024-02-09T17:29:11.47Z,"There are countries that adopt their own national regulations such as the British standard and/or international ones as well: International Features Standards (IFS). In these cases, producers should comply with international standards also.",,"http://data.europa.eu/esco/concept-scheme/skills,
http://data.europa.eu/esco/concept-scheme/member-skills",Apply regulations regarding manufacture of food and food safety compliance. Employ food safety procedures based on Good Manufacturing Practices (GMP).
http://data.europa.eu/esco/skill/c07dab7f-deb2-4985-ac64-c62514221869,knowledge,sector-specific,cryopreservation,cryoconservation,,released,2025-08-01T12:48:12.059Z,,,"http://data.europa.eu/esco/concept-scheme/skills,
http://data.europa.eu/esco/concept-scheme/member-skills","Cryopreservation deals with procedures, risks and conditions applied to cells or tissues in order to prevent contamination and damage. It refers to the preservation of embryos, eggs, semen and testicle tissue by cooling to very low temperatures (typically -80 or -196°C)."
http://data.europa.eu/esco/skill/c0abb7b1-d8ee-4544-830b-97a6d288b604,skill/competence,occupation-specific,remove embryos from animals,"collect embryo
remove embryo
remove embryos
extract embryos
collect embryos",,released,2020-06-19T14:16:18.127Z,,,"http://data.europa.eu/esco/concept-scheme/skills,
http://data.europa.eu/esco/concept-scheme/member-skills","Collect embryos, under veterinary instruction, ensuring that the health status both of the donor animal and the embryo is maintained at all times."
http://data.europa.eu/esco/skill/c19f8594-92cd-4e65-aa04-d8b153f5ccd0,skill/competence,sector-specific,monitor the production of eggs,"egg production checking
check the production of eggs
checking egg production
monitoring the production of eggs
production of eggs checking
egg production monitoring
monitor egg production
monitoring egg production
checking the production of eggs
check egg production
production of eggs monitoring",,released,2024-02-09T17:29:12.215Z,Use of relevant hatchery equipment taking into account the work system of the hatchery.,,"http://data.europa.eu/esco/concept-scheme/skills,
http://data.europa.eu/esco/concept-scheme/member-skills",Measure control of temperature and humidity in incubators and keep records of egg production.
http://data.europa.eu/esco/skill/c2241f73-9151-4817-96b2-b9a6aae4c9e9,skill/competence,cross-sector,carry out checks of production plant equipment,"carry out check on production plant equipment
carry out a check of production plant equipment
complete checks of production plant equipment
undertake checks of production plant equipment
make checks of production plant equipment
oversee checks of production plant equipment",,released,2024-02-09T17:29:13.7Z,,,"http://data.europa.eu/esco/concept-scheme/skills,
http://data.europa.eu/esco/concept-scheme/member-skills","Carry out checks of the machinery and equipment used in the production plant. Ensure that the machinery is working properly, set machines before usage, and assure continuous operability of the equipment."
http://data.europa.eu/esco/skill/c345ad5f-6b37-4861-98b2-769d819309a0,knowledge,cross-sector,animal biology,"biology of animals
zoology
evolution of animals
animal-biology
classification of animals",,released,2025-07-25T11:15:00.857Z,,,"http://data.europa.eu/esco/concept-scheme/skills,
http://data.europa.eu/esco/concept-scheme/member-skills","The structure, evolution and classification of animals and how they interact with their ecosystems."
http://data.europa.eu/esco/skill/c3c2420c-ce9a-4371-8eed-1db479c3a562,skill/competence,cross-sector,write scientific publications,"scientific paper writing
draw up scientific papers
draft scientific papers",,released,2024-02-09T17:29:14.494Z,,,"http://data.europa.eu/esco/concept-scheme/skills,
http://data.europa.eu/esco/concept-scheme/member-skills,
http://data.europa.eu/esco/concept-scheme/research","Present the hypothesis, findings, and conclusions of your scientific research in your field of expertise in a professional publication."
http://data.europa.eu/esco/skill/c4a8f38e-6ce0-4175-8c0d-1239b6f2b932,skill/competence,sector-specific,transport horses,"transport equines
horses transporting
equine transporting
horse transporting
equines transporting
transporting horses
transporting equines",,released,2024-02-09T17:29:15.968Z,,,"http://data.europa.eu/esco/concept-scheme/skills,
http://data.europa.eu/esco/concept-scheme/member-skills",Transport horses using safely special vehicles for horse transportation; lead horses to vehicles taking into account the safety of people and horses.
http://data.europa.eu/esco/skill/c4b03a17-a93e-4a8e-9846-4c4d469d4001,knowledge,sector-specific,agroecology,"agronomic principles
the field of agroecology
agronomic",,released,2024-02-29T15:55:58.937Z,,,"http://data.europa.eu/esco/concept-scheme/skills,
http://data.europa.eu/esco/concept-scheme/green,
http://data.europa.eu/esco/concept-scheme/member-skills",The study and application of ecological and agronomic concepts and principles to agricultural production systems.
http://data.europa.eu/esco/skill/c52d4012-4a97-436c-a452-b76c26ae423c,knowledge,sector-specific,pathogenic microorganisms in food,"bacterial microorganisms in food
pathogenic microorganism in foods
parasitic microorganisms in food
pathogenic microorganisms in foods
pathogenic microorganism in food
antibody microorganisms in food",,released,2024-02-09T17:29:12.215Z,,,"http://data.europa.eu/esco/concept-scheme/skills,
http://data.europa.eu/esco/concept-scheme/member-skills",The identification and characteristics of pathogenic micro-organisms in food and the adequate prevention methods to inhibit its reproduction in food materials.
http://data.europa.eu/esco/skill/c5f255ef-02d3-4ab0-a652-2bf055d1d493,skill/competence,sector-specific,grow plants,"plants growing
plant raising
raising plants
plants raising
plant growing
raise plants
growing plants",,released,2024-02-09T17:29:12.952Z,,,"http://data.europa.eu/esco/concept-scheme/skills,
http://data.europa.eu/esco/concept-scheme/member-skills",Carry out plant growing activities. Carry out grow control considering the required terms and conditions for specific plant type.
http://data.europa.eu/esco/skill/c5f3e735-917b-4024-b2cf-19f4f75b2469,knowledge,sector-specific,livestock species,"genetics of livestock species
species of domesticated animals
typology of domesticated animals species
range of livestock species
typology of livestock species
range of domesticated animals species
types of domesticated animals species
genetics of domesticated animals species
species of livestock
types of livestock species",,released,2024-02-09T17:29:14.494Z,,,"http://data.europa.eu/esco/concept-scheme/skills,
http://data.europa.eu/esco/concept-scheme/member-skills",Livestock species and relevant genetics.
http://data.europa.eu/esco/skill/c6543651-d743-4e12-be72-c81d1eaf4541,skill/competence,sector-specific,estimate damage,"assess accidental damage
assessing damage
estimating storm damage
damage estimating
estimating accidental damage
assess storm damage
assessing storm damage
estimating damage
estimate accidental damage
assessing accidental damage
assess damage
damage assessing
estimate storm damage",,released,2024-02-09T17:29:13.7Z,,,"http://data.europa.eu/esco/concept-scheme/skills,
http://data.europa.eu/esco/concept-scheme/member-skills",Estimate damage in case of accidents or natural disasters.
http://data.europa.eu/esco/skill/c669c40c-d8dc-4eff-8e06-7043ff4a860c,skill/competence,occupation-specific,breed cattle,"monitor cattle breeding
manage cattle breeding
managing cattle breeding
monitoring cattle breeding
manage breeding of cattle
cattle breeding monitoring
cattle breeding managing
monitor breeding of cattle
monitoring breeding of cattle
managing breeding of cattle",,released,2020-06-19T13:33:02.453Z,,,"http://data.europa.eu/esco/concept-scheme/skills,
http://data.europa.eu/esco/concept-scheme/member-skills","Prepare a suitable environment for cattle breeding. Select and prepare the appropriate habitats for specific kinds of cattle. Monitor the cattle's growth and health and ensure correct feeding. Determinate when the cattle are ready for consumption, trade or other purposes."
http://data.europa.eu/esco/skill/c7282ec3-9153-4b4b-b7de-777e3207b04e,knowledge,sector-specific,computerised feeding systems,"typology of computerised feeding systems
types of computer controlled feeding systems
computer controlled systems of feeding
feeding systems that are computerised
computerized feeding systems
computer controlled feeding systems
range of computerised feeding systems
types of computerised feeding systems
typology of computer controlled feeding systems",,released,2022-07-05T14:34:09.904Z,,,"http://data.europa.eu/esco/concept-scheme/skills,
http://data.europa.eu/esco/concept-scheme/member-skills,
http://data.europa.eu/esco/concept-scheme/6c930acd-c104-4ece-acf7-f44fd7333036",The functioning of computered controlled systems that provide animal feeding.
http://data.europa.eu/esco/skill/c7cc6dc5-d56b-4323-8e5c-47c4022f615f,knowledge,cross-sector,quality assurance methodologies,"quality assurance plans
quality assurance methodology
quality assurance approaches
quality assurance arrangements
quality assurance processes",,released,2024-02-09T17:29:12.952Z,,,"http://data.europa.eu/esco/concept-scheme/skills,
http://data.europa.eu/esco/concept-scheme/member-skills","Quality assurance principles, standard requirements, and the set of processes and activities used for measuring, controlling and ensuring the quality of products and processes."
http://data.europa.eu/esco/skill/c87c5366-c9a9-4205-8333-4938a9c384ad,skill/competence,cross-sector,"maintain a safe, hygienic and secure working environment","maintain a hygienic, secure and safe work environment
maintain the work environment safe, hygienic and secure
keep a healthy and safe work environment
preserve a safe and healthy work environment",,released,2025-04-03T09:27:47.78Z,,,"http://data.europa.eu/esco/concept-scheme/skills,
http://data.europa.eu/esco/concept-scheme/member-skills","Preserve health, hygiene, safety and security in the workplace in accordance with relevant regulations."
http://data.europa.eu/esco/skill/c8aae1f6-eab3-41a9-9e2f-f5bc0f8ef0bd,skill/competence,cross-sector,negotiate loan agreements,"negotiate loan contract
negotiate loan settlements
negotiate credit arrangements
negotiate loan deal
negotiate credit agreements
negotiate agreements on loans",,released,2024-02-09T17:29:11.47Z,,,"http://data.europa.eu/esco/concept-scheme/skills,
http://data.europa.eu/esco/concept-scheme/member-skills",Negotiate with banking professionals or other parties functioning as lenders in order to negotiate the interest rates and other aspects of the loan contract in order to obtain the most beneficial agreement for the borrower.
http://data.europa.eu/esco/skill/c8f14c32-7f24-41bb-9e8f-b24d6fd3ca86,skill/competence,cross-sector,follow production schedule,"use production schedules
follow production schedules
comply with production schedule
comply with workplan
consider production schedules
utilise production schedules
comply with schedule for production
comply with production schedules
respect production schedules
follow a production schedule
ensure compliance with production schedules
read production schedules",,released,2024-02-09T17:29:16.725Z,,,"http://data.europa.eu/esco/concept-scheme/skills,
http://data.europa.eu/esco/concept-scheme/member-skills","Follow production schedule taking into account all requirements, times and needs. This schedule outlines what individual commodities must be produced in each time period and encapsulates various concerns like production, staffing, inventory, etc. It is usually linked to manufacturing where the plan indicates when and how much of each product will be demanded. Utilise all the information in the actual implementation of the plan."
http://data.europa.eu/esco/skill/ca0f9294-09f6-4528-bb3d-604955f8acfd,skill/competence,sector-specific,manage farm supplies,"sourcing supplies to farm
farm supplies managing
source farm supplies
source supplies to farm
farm supplies sourcing
managing farm supplies
sourcing farm supplies
manage supplies to farm
managing supplies to farm",,released,2024-02-09T17:29:15.235Z,,,"http://data.europa.eu/esco/concept-scheme/skills,
http://data.europa.eu/esco/concept-scheme/member-skills","Manage farm supplies by taking care of the purchase and storing procedures. Select and purchase supplies and equipment such as seeds, livestock feed, fertilisers and farm machinery."
http://data.europa.eu/esco/skill/ca17f0df-59e4-4ed2-9360-fc5325bc7151,skill/competence,cross-sector,supervise equipment,"oversee equipment
overseeing control equipment
equipment supervising
supervising control equipment
overseeing equipment
supervising equipment
control equipment overseeing
control equipment supervising
supervise control equipment
equipment overseeing
oversee control equipment",,released,2024-02-09T17:29:09.851Z,,,"http://data.europa.eu/esco/concept-scheme/skills,
http://data.europa.eu/esco/concept-scheme/member-skills",Start up and shut down equipment; identify and troubleshoot technical problems and conduct minor repairs. Monitor control equipment in order to identify safety and environmental hazards.
http://data.europa.eu/esco/skill/cacb30e8-eb78-40bf-b664-b7a4c8a018a3,skill/competence,sector-specific,milk animals,"draw milk from animals
drawing milk from animals
animal milking
milk drawing from animals
milking animals
animals milking",,released,2024-02-09T17:29:12.215Z,"Applies to cattle, sheep and goat.",,"http://data.europa.eu/esco/concept-scheme/skills,
http://data.europa.eu/esco/concept-scheme/member-skills","Milk cows and other farm animals, manually or using mechanical means."
http://data.europa.eu/esco/skill/cc61f9e5-d4fc-470e-8606-1ce865ff8386,skill/competence,cross-sector,develop professional network with researchers and scientists,"cultivate a professional circle in academia
foster relationships with researchers and scientists
establish connections with researchers and scientists",,released,2024-03-01T12:37:18.21Z,,,"http://data.europa.eu/esco/concept-scheme/skills,
http://data.europa.eu/esco/concept-scheme/member-skills,
http://data.europa.eu/esco/concept-scheme/research","Develop alliances, contacts or partnerships, and exchange information with others. Foster integrated and open collaborations where different stakeholders co-create shared value research and innovations. Develop your personal profile or brand and make yourself visible and available in face-to-face and online networking environments."
http://data.europa.eu/esco/skill/cd50d616-1f8b-481e-983f-68d2674ff82d,skill/competence,cross-sector,integrate gender dimension in research,"account for gender characteristics in scientific research
promote inclusion in research",,released,2022-08-25T12:53:49.834Z,,,"http://data.europa.eu/esco/concept-scheme/skills,
http://data.europa.eu/esco/concept-scheme/member-skills,
http://data.europa.eu/esco/concept-scheme/research",Take into account in the whole research process the biological characteristics and the evolving social and cultural features of women and men (gender).
http://data.europa.eu/esco/skill/cd5efa8c-e44d-4cbc-91c6-796018dbed68,skill/competence,cross-sector,perform project management,"perform management of projects
performing project management
manage projects
do project management
conduct project management
perform projects management",,released,2024-02-09T17:29:12.215Z,,,"http://data.europa.eu/esco/concept-scheme/skills,
http://data.europa.eu/esco/concept-scheme/member-skills,
http://data.europa.eu/esco/concept-scheme/research","Manage and plan various resources, such as human resources, budget, deadline, results, and quality necessary for a specific project, and monitor the project's progress in order to achieve a specific goal within a set time and budget."
http://data.europa.eu/esco/skill/cda471f8-e175-4340-8259-4636eff669f8,skill/competence,sector-specific,control wine quality,"wine quality controlling
maintaining wine quality
controlling quality of wine
maintaining quality of wine
wine quality control
controlling wine quality
wine quality maintaining
maintain wine quality",,released,2024-02-09T17:29:11.47Z,,,"http://data.europa.eu/esco/concept-scheme/skills,
http://data.europa.eu/esco/concept-scheme/member-skills","Taste the wine and strive to improve the quality. Develop new styles of wine. Making sure that quality is maintained during all production stages, including when it is bottled. Records quality checks line with specifications. Assume responsibility for the maintenance of all quality parameters for all wines."
http://data.europa.eu/esco/skill/cde1ed83-8527-4ad1-9d26-7d8ccb2e8b03,skill/competence,cross-sector,handle veterinary emergencies,"deal with veterinary emergencies
manage a veterinary emergency
manage veterinary emergencies
deal with a veterinary emergency
handle a veterinary emergency",,released,2024-02-09T17:29:09.009Z,,,"http://data.europa.eu/esco/concept-scheme/skills,
http://data.europa.eu/esco/concept-scheme/member-skills",Handle unforeseen incidents concerning animals and circumstances which call for urgent action in an appropriate professional manner.
http://data.europa.eu/esco/skill/cfcc2266-a578-4300-93ce-ce7860c7398c,skill/competence,sector-specific,monitor temperature in manufacturing process of food and beverages,"monitor temperature in manufacturing of food and beverages
view temperature in manufacturing process of food and beverages
watch temperature in manufacturing process of food and beverages
oversee temperature in manufacturing process of food and beverages
supervise temperature in manufacturing process of food and beverages
monitor temperatures in manufacturing process of food and beverages",,released,2024-02-09T17:29:16.725Z,,,"http://data.europa.eu/esco/concept-scheme/skills,
http://data.europa.eu/esco/concept-scheme/member-skills",Monitor and control required temperatures in the different phases of production until the product reaches suitable properties according to specifications.
http://data.europa.eu/esco/skill/d085f57a-db05-4db7-aab5-9d9a29e8b949,skill/competence,sector-specific,manage ground maintenance,"managing ground maintenance
manage landscape maintenance
manage maintenance of the grounds
manage grounds keeping",,released,2024-02-09T17:29:11.47Z,,,"http://data.europa.eu/esco/concept-scheme/skills,
http://data.europa.eu/esco/concept-scheme/member-skills",Plan and direct the work of ground maintenance workers and units and maintain all natural areas.
http://data.europa.eu/esco/skill/d10030a4-f49c-4125-8646-6b091efe5089,skill/competence,cross-sector,monitor the welfare of animals,"monitor the health of animals
overlook the welfare of animals
monitor the welfare of an animal
monitor animals’ physical condition and behaviour
monitor animals' health condition
inspect the welfare of animals",,released,2024-02-09T17:29:15.235Z,,,"http://data.europa.eu/esco/concept-scheme/skills,
http://data.europa.eu/esco/concept-scheme/green,
http://data.europa.eu/esco/concept-scheme/member-skills","Monitor animals’ physical condition and behaviour and report any concerns or unexpected changes, including signs of health or ill-health, appearance, condition of the animals' accommodation, intake of food and water and environmental conditions."
http://data.europa.eu/esco/skill/d154e48f-95b4-4ce6-907e-4a44d50129fe,skill/competence,cross-sector,set production facilities standards,"set production facilities measures
set the production facilities standards
set productions facilities standards
set production facilities rules
set production facilities regulations
set a production facility standard
set production facilities requirements",,released,2024-02-09T17:29:09.851Z,,,"http://data.europa.eu/esco/concept-scheme/skills,
http://data.europa.eu/esco/concept-scheme/member-skills","Ensure a high standard of safety and quality in facilities, systems, and workers' behaviour. Ensure adherence to procedures and audit standards. Ensure that machinery and appliances in the production plant are appropriate for their task."
http://data.europa.eu/esco/skill/d2346fd6-f031-4801-a5ee-81f72f58a668,skill/competence,sector-specific,monitor winemaking process,"winemaking process supervising
winemaking process monitoring
supervising winemaking process
supervise winemaking process
monitoring winemaking process",,released,2025-02-27T12:45:08.961Z,,,"http://data.europa.eu/esco/concept-scheme/skills,
http://data.europa.eu/esco/concept-scheme/member-skills",Conducts wine making and monitors processing steps. Supervises and participates in the bottling and labelling work.
http://data.europa.eu/esco/skill/d300a8db-f353-4acb-aa6e-9dc757daf1bf,skill/competence,sector-specific,operate farm equipment,"farm equipment using
farm equipment operating
use farm equipment
operating farm equipment
using farm equipment",,released,2024-02-09T17:29:11.47Z,,,"http://data.europa.eu/esco/concept-scheme/skills,
http://data.europa.eu/esco/concept-scheme/member-skills","Supervise the smooth running of farm equipment which can include high pressure cleaning equipment, heating or air conditioning and monitor the temperature of premises. Make sure tractors and other vehicles are running smoothly. Interpret instructions given by computer programs and report simple operations."
http://data.europa.eu/esco/skill/d33b9bd2-6dcb-4abc-b3c2-96b8983d5c97,skill/competence,sector-specific,assess animal behaviour,"observe and assess animal behaviour
make assessments of animal behaviour
conduct analyses of animal behaviour
observe the behaviour of animals
observe animal behaviour
evaluate the behaviour of animals
assess the behaviour of animals
evaluate animal behaviour
perform analyses of animal behaviour
assess animal behavior
carry out animal behaviour evaluations
execute animal behaviour evaluations
conduct observations of animal behaviour",,released,2016-12-20T21:22:35Z,,,"http://data.europa.eu/esco/concept-scheme/skills,
http://data.europa.eu/esco/concept-scheme/member-skills",Observe and evaluate the behaviour of animals in order to work with them safely and recognise deviations from normal behaviour that signal compromised health and welfare.'.
http://data.europa.eu/esco/skill/d3d99bf2-cdad-4bdf-acd3-c94d599c4808,skill/competence,sector-specific,manage livestock,"livestock managing
livestock overseeing
manage livestock production
oversee livestock production
livestock production managing
livestock production overseeing
overseeing livestock",,released,2024-02-09T17:29:09.851Z,,,"http://data.europa.eu/esco/concept-scheme/skills,
http://data.europa.eu/esco/concept-scheme/member-skills","Plan production programmes, birth plans, sales, feed purchase orders, materials, equipment, housing, location and stock management. Plan the destruction of relevant animals in humane manner and in accordance with national legislation. Follow businesses requirements and integration into qualitative research and knowledge transfer."
http://data.europa.eu/esco/skill/d3dd0329-9768-4996-94a8-284e9819a4eb,knowledge,sector-specific,winery production process,"winery production processes
literature on winery production principles
production process in winery
scope of winery production principles
principles of winery production
production processes in winery
process of winery production
range of winery production principles",,released,2023-03-29T08:19:33.346Z,,,"http://data.europa.eu/esco/concept-scheme/skills,
http://data.europa.eu/esco/concept-scheme/member-skills",Winery production processes and safety requirements. Winemaking principles. Engineering and flow process technology (pumps and hoses).
http://data.europa.eu/esco/skill/d4193488-110d-40c2-b8d6-4012dc3b9b4a,skill/competence,sector-specific,carry out post hoof-trimming activities,"conduct post hoof-trimming activities
carrying out activities following hoof trimming
post hoof-trimming activities carrying out
conduct activities following hoof trimming
conducting post hoof-trimming activities
conducting activities following hoof trimming
carry out activities following hoof trimming
post hoof-trimming activities conducting",,released,2024-02-09T17:29:09.851Z,,,"http://data.europa.eu/esco/concept-scheme/skills,
http://data.europa.eu/esco/concept-scheme/member-skills","Discuss and agree on a husbandry plan (written or verbal), which may contain information on workload, environmental conditions, devices and non-prescription topical applications being used."
http://data.europa.eu/esco/skill/d47a3128-b502-40d5-a8cb-68a62e44f25a,skill/competence,sector-specific,conform with production requirements,"comply with production requirements
conforming with requirements for production
conforming with requirements of production
conforming with production requirements
complying with production requirements
complying with requirements of production
complying with requirements for production",,released,2024-02-09T17:29:11.47Z,,,"http://data.europa.eu/esco/concept-scheme/skills,
http://data.europa.eu/esco/concept-scheme/member-skills","Conform with production requirements by reading the production schedule and adjusting temperature to the actual humidity, size and type of the products which will be dried."
http://data.europa.eu/esco/skill/d483ae95-5f25-4601-ba97-113bbb7a31b0,skill/competence,sector-specific,monitor the farm environmental management plan,"overseeing the farm environmental management plan
farm environmental management plan overseeing
monitoring the environmental management plan for the farm
monitoring the farm environmental management plan
overseeing the environmental management plan for the farm
oversee the environmental management plan for the farm
oversee the farm environmental management plan
monitor the environmental management plan for the farm
farm environmental management plan monitoring",,released,2024-02-09T17:29:09.851Z,,,"http://data.europa.eu/esco/concept-scheme/skills,
http://data.europa.eu/esco/concept-scheme/green,
http://data.europa.eu/esco/concept-scheme/member-skills",Identify environmental designations and directives that relate to a given farm and incorporate their requirements in to the farm planning process. Monitor the implementation of the farm environmental management plan and review timescales.
http://data.europa.eu/esco/skill/d4eeb8f1-50d2-4a62-a405-f5eeaeec7f52,skill/competence,sector-specific,research livestock production,"researching production of livestock
livestock production researching
livestock production analysing
analysing livestock production
analysing production of livestock
analyse livestock production
researching livestock production
analyse production of livestock
research production of livestock",,released,2024-02-09T17:29:15.235Z,,,"http://data.europa.eu/esco/concept-scheme/skills,
http://data.europa.eu/esco/concept-scheme/member-skills",Collect and use the livestock production facts and the results of analysis as a input to scientific research. Research and keep up to date with any relevant developments in livestock production review and gather information to inform business decisions.
http://data.europa.eu/esco/skill/d5145a9a-602e-40bf-b3e1-f04cf9c3ef86,knowledge,cross-sector,leadership principles,"scope of management principles
principles of management
scope of leadership principles
range of leadership principles
principles of leadership
range of management principles
literature on leadership principles
literature on management principles",,released,2023-02-20T15:11:57.557Z,,,"http://data.europa.eu/esco/concept-scheme/skills,
http://data.europa.eu/esco/concept-scheme/member-skills","Set of traits and values which guide the actions of a leader with her/his employees and the company and provide direction throughout her/his career. These principles are also an important tool for self-evaluation to identify strengths and weaknesses, and seek self-improvement."
http://data.europa.eu/esco/skill/d52d47d6-8ee1-4c59-9375-ab741f42d48b,skill/competence,sector-specific,maintain pastures,"animal grazing land maintaining
maintaining grazing land
maintaining pastures
maintaining animal pastures
maintaining animal grazing land
pastures maintaining
maintain animal pastures
maintain grazing land
maintain animal grazing land
grazing land maintaining
animal pastures maintaining",,released,2024-02-09T17:29:14.494Z,,,"http://data.europa.eu/esco/concept-scheme/skills,
http://data.europa.eu/esco/concept-scheme/member-skills",Ensure that animals on pastures or grazing lands have enough feed. Employ pasture-conservation measures such as grazing in rotation.
http://data.europa.eu/esco/skill/d560f55d-9718-48ba-90a6-5c759b39438c,knowledge,sector-specific,fermentation processes of beverages,"fermentation methods of beverages
the fermentation process of beverages
fermentation mechanisms of beverages
the fermentation processes of a beverage
fermentation measures of beverages
fermentation systems of beverages
the fermentation process of a beverage",,released,2024-02-09T17:29:09.851Z,,,"http://data.europa.eu/esco/concept-scheme/skills,
http://data.europa.eu/esco/concept-scheme/member-skills","Fermentation processes related to the conversion of sugar to alcohol, gases and acids."
http://data.europa.eu/esco/skill/d589970b-933d-4656-bcb6-a43b3cc67888,skill/competence,cross-sector,monitor water quality,"measure water quality
measuring water quality
water quality measuring
water quality monitoring
monitoring water quality",,released,2024-02-09T17:29:16.725Z,,,"http://data.europa.eu/esco/concept-scheme/skills,
http://data.europa.eu/esco/concept-scheme/green,
http://data.europa.eu/esco/concept-scheme/member-skills","Measure water quality: temperature, oxygen, salinity, pH, N2, NO2,NH4, CO2, turbidity, chlorophyll. Monitor microbiological water quality."
http://data.europa.eu/esco/skill/d58f5962-b014-41ea-943b-3d1f86076781,skill/competence,occupation-specific,manage wine cellar inventory,"oversee wine cellar inventory
maintain wine cellar inventory
manage wine cellar inventories
regulate wine cellar inventory
supervise wine cellar inventory
manage a wine cellar inventory",,released,2024-02-09T17:29:14.494Z,This skill is specific for the wine industry and differs from the conventional inventory keeping.,,"http://data.europa.eu/esco/concept-scheme/skills,
http://data.europa.eu/esco/concept-scheme/member-skills",Managing the inventory of wine cellars for the purpose of aging and blending.
http://data.europa.eu/esco/skill/d68f99e3-c171-4705-98bb-78b8f46e5bd5,skill/competence,occupation-specific,breed dogs,"managing dog breeding
oversee dog breeding
oversee breeding of dogs
manage breeding of dogs
dog breeding overseeing
overseeing breeding of dogs
dog breeding managing
manage dog breeding
overseeing dog breeding
managing breeding of dogs",,released,2020-06-19T13:34:22.444Z,,,"http://data.europa.eu/esco/concept-scheme/skills,
http://data.europa.eu/esco/concept-scheme/member-skills","Prepare a suitable environment for dog breeding. Select and prepare the appropriate habitats for specific kinds of dogs. Monitor the dog's growth and health and ensure correct feeding. Identify when the dogs are ready for trade, training or other purposes."
http://data.europa.eu/esco/skill/d69f2971-5de6-4493-9000-5323115c5c06,skill/competence,sector-specific,assist animal birth,"assist animals to give birth
assisting animal birth
help animals give birth
assisting animals to give birth
animal birth assisting
caring for newborn livestock
care for newborn livestock
newborn livestock caring
assisting animal births",,released,2024-02-09T17:29:12.215Z,,,"http://data.europa.eu/esco/concept-scheme/skills,
http://data.europa.eu/esco/concept-scheme/member-skills","Assist in animal births, and care for newborn livestock. Make sure the animal has a clean and quiet place where it can give birth. Have clean drying towels handy at hand and a bottle filled with iodine."
http://data.europa.eu/esco/skill/d74df140-eb69-43e2-bac9-1cafc824d702,skill/competence,cross-sector,execute feasibility study,"conduct feasibility assessment
undertake feasibility studies
perform feasibility study on solar heating
perform feasibility study on solar absorption cooling
conduct feasibility studies
perform feasibility analysis",,released,2025-06-25T12:15:04.406Z,,,"http://data.europa.eu/esco/concept-scheme/skills,
http://data.europa.eu/esco/concept-scheme/member-skills","Perform the evaluation and assessment of the potential of a project, plan, proposition or new idea. Realise a standardised study which is based on extensive investigation and research to support the process of decision making."
http://data.europa.eu/esco/skill/da7b9280-000d-4e5d-a4ae-c69d5010ad94,skill/competence,sector-specific,manage grape harvest,"managing grape harvest
grape harvesting managing
manage grape gathering
grape harvest managing
grape picking managing
managing grape gathering
manage grape collection
manage grape harvesting
manage grape picking
managing grape picking
managing grape collection",,released,2024-02-09T17:29:11.47Z,,,"http://data.europa.eu/esco/concept-scheme/skills,
http://data.europa.eu/esco/concept-scheme/member-skills",Hire and supervise picking crew and ensure safe operation of vineyard harvest equipment.
http://data.europa.eu/esco/skill/da930e2f-6047-4616-a598-bba8ecef3039,skill/competence,cross-sector,manage open publications,"manage open-source content
manage open-source publications
handle open-source content
handle open publications
handle open-source publications",,released,2024-02-23T15:21:32.989Z,,,"http://data.europa.eu/esco/concept-scheme/skills,
http://data.europa.eu/esco/concept-scheme/member-skills,
http://data.europa.eu/esco/concept-scheme/research,
http://data.europa.eu/esco/concept-scheme/6c930acd-c104-4ece-acf7-f44fd7333036","Be familiar with Open Publication strategies, with the use of information technology to support research, and with the development and management of CRIS (current research information systems) and institutional repositories. Provide licensing and copyright advice, use bibliometric indicators, and measure and report research impact."
http://data.europa.eu/esco/skill/dc3421a2-e1e6-4535-a645-a0440acca9e8,skill/competence,sector-specific,work independently in agriculture,"independently working in agriculture
working independently in agriculture
working independently with livestock
independent working in agriculture
working unsupervised in agriculture
work unsupervised in agriculture
work independently with livestock",,released,2024-02-09T17:29:12.215Z,,,"http://data.europa.eu/esco/concept-scheme/skills,
http://data.europa.eu/esco/concept-scheme/member-skills",Perform tasks individually in livestock and animal production services by taking decisions without help. Handle tasks and tackle with issues or problems without any outside assistance.
http://data.europa.eu/esco/skill/dc57f705-75b6-4232-b531-1f020afa0364,knowledge,sector-specific,food and beverage industry,"food and beverage business
food and beverage trading
the food and beverage industry
food and beverage industries
food and beverage commerce",,released,2024-02-09T17:29:10.678Z,,,"http://data.europa.eu/esco/concept-scheme/skills,
http://data.europa.eu/esco/concept-scheme/member-skills","The respective industry and the processes involved in the food and beverage industry, such as raw material selection, processing, packaging, and storage."
http://data.europa.eu/esco/skill/dc9a236c-c640-43c3-812f-269403591edb,knowledge,cross-sector,customer relationship management,"customers relationship management
management of customer relationship
CRM
customer-oriented management",Salesforce,released,2025-02-27T12:45:08.961Z,,,"http://data.europa.eu/esco/concept-scheme/skills,
http://data.europa.eu/esco/concept-scheme/member-skills","The customer-oriented management approach and basic principles of successful customer relations that focus on interactions with customers such as technical support, customer services, after-sales support and direct communication with the customer."
http://data.europa.eu/esco/skill/dcb01a4f-720a-480f-b61a-11a1286d56f3,knowledge,sector-specific,horticulture principles,"practices of horticulture
scope of horticulture practices
application of horticulture principles
implementation of horticulture practices
implementation of horticulture principles
application of horticulture practices
principles of horticulture
range of horticulture principles
scope of horticulture principles
range of horticulture practices",,released,2024-02-09T17:29:10.678Z,,,"http://data.europa.eu/esco/concept-scheme/skills,
http://data.europa.eu/esco/concept-scheme/member-skills","The standard horticultural practices, including but not limited to planting, pruning, corrective pruning, and fertilisation."
http://data.europa.eu/esco/skill/de00a85b-3654-4e7a-b967-afe857e8dc2e,skill/competence,sector-specific,advise customers on storage of fruits and vegetables,"recommend customers on storage of fruits and vegetables
suggest customers on storage of fruits and vegetables
instruct customers on storage of fruits and vegetables
commend customers on storage of fruits and vegetables
advising customers on storage of fruits and vegetables
help customers on storage of fruits and vegetables
advising a customer on storage of fruits and vegetables
advise a customer on storage of fruits and vegetables",,released,2024-02-09T17:29:17.515Z,,,"http://data.europa.eu/esco/concept-scheme/skills,
http://data.europa.eu/esco/concept-scheme/member-skills",Provide advice to customers on their request concerning the storage of fruit and vegetables.
http://data.europa.eu/esco/skill/de03f4fd-c147-4477-a048-7109e5ba2d6f,knowledge,cross-sector,marketing principles,"customer relationship management
principles of marketing
methods in customer relationship management
management of customer relationships
types of marketing principles
range of marketing principles
techniques in customer relationship management
typology of marketing principles",,released,2024-02-09T17:29:12.215Z,,,"http://data.europa.eu/esco/concept-scheme/skills,
http://data.europa.eu/esco/concept-scheme/member-skills",The principles of managing the relationship between consumers and products or services for the purpose of increasing sales and improving advertising techniques.
http://data.europa.eu/esco/skill/de131ede-cbfe-4e34-aff4-96f16831c3c4,skill/competence,sector-specific,report pollution incidents,"pollution incidents reporting
reporting pollution incidents
investigate pollution incidents
investigating pollution incidents
reporting incidents of pollution
investigate incidents of pollution
pollution incident investigating
report incidents of pollution
pollution incidents investigating
investigating incidents of pollution
pollution incident reporting",,released,2024-02-09T17:29:10.678Z,,,"http://data.europa.eu/esco/concept-scheme/skills,
http://data.europa.eu/esco/concept-scheme/green,
http://data.europa.eu/esco/concept-scheme/member-skills","When an incident causes pollution, examine the extent of the damage and what the consequences could be and report it relevant institution following pollution reporting procedures."
http://data.europa.eu/esco/skill/e018a27c-dc00-4d4b-bdae-38c0765bf3cc,skill/competence,occupation-specific,tow a tractor implement using the power take-off,"use the power take-off to tow a tractor implement
towing a tractor implement using the power take-off
power take-off using to tow a tractor implement
using the power take-off to tow a tractor implement",,released,2024-02-09T17:29:15.968Z,,,"http://data.europa.eu/esco/concept-scheme/skills,
http://data.europa.eu/esco/concept-scheme/member-skills",Tow an implement to tractors equipped with power take-off.
http://data.europa.eu/esco/skill/e0408ce2-cba5-4e3e-a544-34752f99ca1c,skill/competence,occupation-specific,breed sheep,"oversee sheep breeding
managing breeding of sheep
sheep breeding managing
managing sheep breeding
overseeing breeding of sheep
sheep breeding overseeing
manage breeding of sheep
overseeing sheep breeding
oversee breeding of sheep",,released,2024-02-09T17:29:12.215Z,,,"http://data.europa.eu/esco/concept-scheme/skills,
http://data.europa.eu/esco/concept-scheme/member-skills","Prepare a suitable environment for sheep breeding. Select and prepare the appropriate habitats for specific kinds of sheep. Monitor the sheep's growth and health and ensure correct feeding. Determinate when the sheep are ready for trade, consuption or other purposes."
http://data.europa.eu/esco/skill/e04b5fe4-9664-48c0-8268-b4c35d908082,skill/competence,occupation-specific,breed poultry,"supervise poultry breeding
poultry breeding managing
manage breeding of poultry
managing breeding of poultry
poultry breeding supervising
manage poultry breeding
supervising poultry breeding
managing poultry breeding
supervising breeding of poultry
supervise breeding of poultry",,released,2020-06-19T13:41:15.35Z,,,"http://data.europa.eu/esco/concept-scheme/skills,
http://data.europa.eu/esco/concept-scheme/member-skills","Prepare a suitable environment for poultry breeding. Select and prepare the appropriate habitats for specific kinds of poultry. Monitor the poultry's growth and health and ensure correct feeding. Determinate when the poultry are ready for trade, consumption or other purposes."
http://data.europa.eu/esco/skill/e1479957-1606-4dbd-90f7-4c46c615936c,skill/competence,sector-specific,prepare planting area,"soil preparing for planting
preparing soil for planting
preparing planting area for planting
prepare soil for planting
planting area preparing for planting
prepare area for planting
area preparing for sowing and planting
planting area preparing
sowing and planting area preparing
preparing planting area
prepare area for sowing and planting
preparing area for planting
preparing area for sowing and planting",,released,2021-12-13T21:43:23.829Z,,,"http://data.europa.eu/esco/concept-scheme/skills,
http://data.europa.eu/esco/concept-scheme/member-skills","Prepare planting area and soil for planting by for example fertilising, mulching by hand or using mechanical tools or machinery. Prepare seeds and plants for sowing and planting by ensuring the quality of seed and plants. Sow and plant by hand, using mechanical tools or machinery and in accordance with national legislation."
http://data.europa.eu/esco/skill/e16fca1b-b3e2-4823-bba1-7c755c1caf58,skill/competence,sector-specific,advise on nitrate pollution,"give advice on nitrate pollution
give advice on nitrous oxide pollution
giving advice on nitrous oxide pollution
advising on nitrate pollution
advising on nitrous oxide pollution
advise on nitrous oxide pollution
nitrate pollution advising
giving advice on nitrate pollution",,released,2024-02-09T17:29:12.215Z,,,"http://data.europa.eu/esco/concept-scheme/skills,
http://data.europa.eu/esco/concept-scheme/green,
http://data.europa.eu/esco/concept-scheme/member-skills",Advise on the impact and consequences of pollution (including land pollution due to fertilisers) caused by nitrous oxide emissions which contribute to depletion of the ozone layer and suggest solutions to mitigate such actions.
http://data.europa.eu/esco/skill/e286eddc-75e5-4ae3-966b-ec89c1c046ba,knowledge,sector-specific,anatomy of animals,"knowledge of animal anatomy
study of animal body parts
study of animal anatomy
anatomy of an animal
animal anatomy
anatomy and physiology of animals",,released,2024-02-09T17:29:15.968Z,,,"http://data.europa.eu/esco/concept-scheme/skills,
http://data.europa.eu/esco/concept-scheme/member-skills","The study of animal body parts, their structure and dynamic relationships, on a level as demanded by the specific occupation."
http://data.europa.eu/esco/skill/e2c6ceb1-2356-46f7-9129-a9ae88cfb162,skill/competence,sector-specific,select fruits and vegetables,"fruit and vegetable selecting
fruit and vegetable grading
grading fruits and vegetables
grade fruits and vegetables
selecting fruits and vegetables
fruits and vegetables selecting
fruits and vegetables grading",,released,2024-02-09T17:29:09.851Z,,,"http://data.europa.eu/esco/concept-scheme/skills,
http://data.europa.eu/esco/concept-scheme/member-skills","Select fruit and vegetables for picking according to size, colour and ripeness."
http://data.europa.eu/esco/skill/e3fcd642-5f9c-48ee-be58-258dd895d281,skill/competence,cross-sector,collect biological data,"analyse biological data
biological data collecting
collecting biological data
analyse biological records
collect biological records
collecting biological records
analysing biological data
analysing biological records
biological data analysing",,released,2024-02-09T17:29:09.009Z,,,"http://data.europa.eu/esco/concept-scheme/skills,
http://data.europa.eu/esco/concept-scheme/green,
http://data.europa.eu/esco/concept-scheme/member-skills","Collect biological specimens, record and summarise biological data for use in technical studies, developing environmental management plans and biological products."
http://data.europa.eu/esco/skill/e4a3c9af-8a5d-49cc-95bb-b77e41588746,skill/competence,sector-specific,process harvested honey,"harvested honey processing
harvested honey preparing
processing harvested honey
prepare harvested honey
preparing harvested honey",,released,2025-07-25T08:55:01.796Z,Use of relevant equipment. In case of organic bee keeping farm the organic bee production regulations have to followed.,,"http://data.europa.eu/esco/concept-scheme/skills,
http://data.europa.eu/esco/concept-scheme/green,
http://data.europa.eu/esco/concept-scheme/member-skills","Harvest and process honey according to health, safety and biosecurity regulations."
http://data.europa.eu/esco/skill/e4d34eaf-742e-4bba-801d-e8d617f1f419,skill/competence,occupation-specific,operate bale presses,"operate bale pressing machines
operate bale pressing machinery
tend bale pressing machines
tend vertical and hydraulic bale presses
operate vertical and hydraulic bale presses
tend bale presses",,released,2024-02-09T17:29:14.494Z,,,"http://data.europa.eu/esco/concept-scheme/skills,
http://data.europa.eu/esco/concept-scheme/member-skills,
http://data.europa.eu/esco/concept-scheme/6c930acd-c104-4ece-acf7-f44fd7333036","Start, operate and monitor computerised bale presses."
http://data.europa.eu/esco/skill/e52040f0-3c0b-4f4d-b6c3-4d669bc30995,skill/competence,sector-specific,teach young horses,"young horses teaching
socialising young horses
young horse teaching
young horses socialising
socialise young horses
young horse socialising
teaching young horses",,released,2024-02-09T17:29:09.851Z,"Tasks may include preparing the traits of the young horses and teaching them to move in hand and in bulk, presenting horses in hand, on horseback, and in harness riding on primary level and leading the harness; assisting in loading horses to a means of transport.",,"http://data.europa.eu/esco/concept-scheme/skills,
http://data.europa.eu/esco/concept-scheme/member-skills","Socialise young horses (cleaning, collaring, bridling, raising feet, etc.), taking into account the safety and welfare of the horse and teacher."
http://data.europa.eu/esco/skill/e52c1125-1d27-4e3d-afc9-761ee5f678b3,knowledge,sector-specific,tree preservation and conservation,"requirements for tree preservation and conservation
environmental issues in requirements for tree preservation and conservation
tree preservation
environmental issues in guidance on tree preservation and conservation
guidance on tree preservation and conservation
tree conservation
environmental issues in tree preservation
environmental issues in tree conservation",,released,2024-02-09T17:29:15.968Z,,,"http://data.europa.eu/esco/concept-scheme/skills,
http://data.europa.eu/esco/concept-scheme/green,
http://data.europa.eu/esco/concept-scheme/member-skills",Environmental requirements for tree preservation and conservation.
http://data.europa.eu/esco/skill/e5727f3b-0dc9-4daf-84e0-d5789b33a6d9,knowledge,cross-sector,forest ecology,"typology of forest ecology
range of forest ecologies
range of forestry ecosystems
ecology of forest
forestry ecosystems
typology of forestry ecosystems
ecology of forests
ecosystems of forests
types of forestry ecosystems
types of forest ecology",,released,2024-02-09T17:29:10.678Z,,,"http://data.europa.eu/esco/concept-scheme/skills,
http://data.europa.eu/esco/concept-scheme/green,
http://data.europa.eu/esco/concept-scheme/member-skills","The ecosystems existing in a forest, starting from bacteria to trees and soil types."
http://data.europa.eu/esco/skill/e66bed4a-7bb5-436e-9abb-5db7c603164e,skill/competence,sector-specific,handle feathers,"feathers handling
feathers processing
feather processing
handling feathers
process feathers
feather handling
processing feathers",,released,2024-02-09T17:29:13.7Z,,,"http://data.europa.eu/esco/concept-scheme/skills,
http://data.europa.eu/esco/concept-scheme/member-skills","Clean, sort, dry and package feathers taking into account the company policy and specific orders."
http://data.europa.eu/esco/skill/e693138a-842f-4d9f-9aa5-bf515605c359,skill/competence,sector-specific,ensure soil fertility,"soil fertility checking
checking fertility of soil
soil fertility ensuring
checking soil fertility
ensure fertility of soil
ensuring soil fertility
ensuring fertility of soil
check soil fertility
check fertility of soil",,released,2024-02-09T17:29:09.851Z,,,"http://data.europa.eu/esco/concept-scheme/skills,
http://data.europa.eu/esco/concept-scheme/member-skills",Analyse soil to determine type and quantity of fertiliser required for maximum production.
http://data.europa.eu/esco/skill/e6b9e649-1df0-43bc-bb4c-b732e868ec67,skill/competence,occupation-specific,hunt animals,"animal hunting
hunting and killing animals
animal hunting and killing
hunting animals
hunt and kill animals",,released,2024-02-09T17:29:16.725Z,,,"http://data.europa.eu/esco/concept-scheme/skills,
http://data.europa.eu/esco/concept-scheme/member-skills","Hunt animal wildlife and birds. Track, pursue and kill the animal in a humane way, according to animal and environmental legislations. Use weapons such as hunting rifles, crossbows or trapping devices to kill or trap the hunted animal."
http://data.europa.eu/esco/skill/e7c47c8c-7110-4c56-bca1-f56a2c3ed11b,knowledge,sector-specific,phytosanitary measures,"provide protection from disease
provide protection from contamination and pests
measures for phytosanitary
phytosanitary measure",,released,2025-07-25T11:15:00.857Z,,,"http://data.europa.eu/esco/concept-scheme/skills,
http://data.europa.eu/esco/concept-scheme/member-skills","Measures related to controlling plant and crop diseases, pests, and pathogens."
http://data.europa.eu/esco/skill/e85cff6b-ee0e-4106-98f0-b57b39a2ea3f,skill/competence,sector-specific,execute disease and pest control activities,"execute disease control activities
perform pest control activities
pest control activities executing
executing pest control activities
executing disease and pest control activities
perform disease and pest control activities
disease control activities executing
disease and pest control activities executing
executing disease control activities
perform disease control activities
execute pest control activities",,released,2024-02-09T17:29:13.7Z,"Tasks may include identifying types and features of diseases in plants and crop; carry out crop spraying, for weeds, pest and disease operations in line with relevant guidelines and customer requirements. Carry out slurry and fertiliser spreading in accordance with environmental regulations. Working with pesticides may require special certificates in some countries and recording the data about the usage of pesticides.",,"http://data.europa.eu/esco/concept-scheme/skills,
http://data.europa.eu/esco/concept-scheme/green,
http://data.europa.eu/esco/concept-scheme/member-skills","Execute disease and pest control activities using conventional or biological methods taking into account the climate, plant or crop type, health and safety and environmental regulations. Store and handle pesticides in accordance with recomandation and legislation."
http://data.europa.eu/esco/skill/e8f80ec5-c423-4eb2-9f0f-805d22f844ae,knowledge,sector-specific,incidents and accidents recording,"types of incidents and accidents reporting
typology of incidents and accidents reporting
recording of incidents and accidents
types of incidents and accidents recording
methods of incidents and accidents reporting
techniques for incidents and accidents recording
reporting of incidents and accidents
methods of incidents and accidents recording
techniques for incidents and accidents reporting
typology of incidents and accidents recording",,released,2024-02-09T17:29:15.968Z,,,"http://data.europa.eu/esco/concept-scheme/skills,
http://data.europa.eu/esco/concept-scheme/member-skills",The methods to report and record incidents and accidents in the workplace.
http://data.europa.eu/esco/skill/e95058a6-e139-42e7-a470-72038a606649,skill/competence,cross-sector,assess financial viability,"assess whether finances are viabile
assess viability of finances
determine financial viability
evaluate financial viability
assessing financial viability
estimate financial viability",,released,2024-02-09T17:29:11.47Z,,,"http://data.europa.eu/esco/concept-scheme/skills,
http://data.europa.eu/esco/concept-scheme/member-skills","Revise and analyse financial information and requirements of projects such as their budget appraisal, expected turnover, and risk assessment for determining the benefits and costs of the project. Assess if the agreement or project will redeem its investment, and whether the potential profit is worth the financial risk."
http://data.europa.eu/esco/skill/e9d625ad-ea81-4ff8-b3fe-ccc1bea65cb5,skill/competence,sector-specific,administer drugs to facilitate breeding,"provide specific drugs to facilitate breeding
administer specific drugs to stimulate breeding
administer specific drugs to aid breeding
administer specific drugs to facilitate breeding
administer special drugs to facilitate breeding
dispense specific drugs to facilitate breeding",,released,2020-06-19T14:10:17.649Z,,,"http://data.europa.eu/esco/concept-scheme/skills,
http://data.europa.eu/esco/concept-scheme/member-skills",Administer specific drugs for synchronisation of breeding cycles to animals in accordance with veterinary and owner instructions. This includes the safe use and storage of drugs and equipment and record keeping.
http://data.europa.eu/esco/skill/ea00877d-ac0f-4de0-bb76-f7bfa61d3d25,skill/competence,cross-sector,maintain technical equipment,"cultivation technical equipment overseeing
oversee technical equipment
maintaining cultivation technical equipment
cultivation technical equipment maintaining
oversee cultivation technical equipment
technical equipment maintaining
technical equipment overseeing
overseeing cultivation technical equipment
maintaining technical equipment
maintain cultivation technical equipment
overseeing technical equipment",,released,2024-02-09T17:29:11.47Z,Managing and maintanence can include maintaining them yourself or to outsource the service from machine dealer.,,"http://data.europa.eu/esco/concept-scheme/skills,
http://data.europa.eu/esco/concept-scheme/member-skills",Maintain an inventory of cultivation equipment and supplies. Order additional materials as needed.
http://data.europa.eu/esco/skill/eadf0f36-cba0-4e68-8458-c91bc60b494d,skill/competence,sector-specific,nurse trees,"mulberry trees checking
mulberry tree checking
check mulberry trees
mulberry trees maintaining
maintain mulberry trees
tending shrubs
tree tending
tending trees
tend trees
tending hedges
tree nursing
tend shrubs
nurse shrubs
nursing hedges
nursing shrubs
nurse hedges
tend hedges",,released,2025-07-25T11:15:00.857Z,,,"http://data.europa.eu/esco/concept-scheme/skills,
http://data.europa.eu/esco/concept-scheme/member-skills","Plant, fertilise and trim trees, shrubs and hedges. Examine trees to assess their condition and determine treatment. Work to eradicate insects, fungus and diseases which are harmful to trees, assist with prescribed burning, and work on preventing erosion."
http://data.europa.eu/esco/skill/eae12c16-6f17-4bed-b81d-a1c61d0f0545,skill/competence,occupation-specific,filter wine,"filter residue from wine
residue removing from wine
filtering residue from wine
filtering wine
wine filtering
removing residue from wine
remove residue from wine",,released,2024-02-09T17:29:16.725Z,,,"http://data.europa.eu/esco/concept-scheme/skills,
http://data.europa.eu/esco/concept-scheme/member-skills",Filter the wine to remove any solid residue. Place filtered wine in tanks or casks for storage and maturation.
http://data.europa.eu/esco/skill/ecf9829d-e532-45cf-aaff-1dd1fb1c812b,skill/competence,sector-specific,manage crop rotation,"supervise crop rotation
oversee crop rotation
control crop rotation",,released,2025-01-29T10:53:43.027Z,,,"http://data.europa.eu/esco/concept-scheme/skills,
http://data.europa.eu/esco/concept-scheme/member-skills","Plan and perform crop rotation and other crop management techniques such us rotation by plant family or by nutrients requirements, to optimise soil nutrients, improve its fertility, prevent erosion as well as to combat weed and pest pressure."
http://data.europa.eu/esco/skill/ed3afb1d-c091-45c7-b0aa-09fd1ec97332,knowledge,sector-specific,livestock selection principles,"basis of livestock selection principles
fundamentals of livestock selection principles
basis of livestock identification principles
fundamentals of livestock identification principles
theories of livestock selection principles
theories of livestock identification principles",,released,2024-02-09T17:29:12.952Z,,,"http://data.europa.eu/esco/concept-scheme/skills,
http://data.europa.eu/esco/concept-scheme/member-skills",Selection criteria of livestock and determination of livestock classes.
http://data.europa.eu/esco/skill/ed3f3dba-3a35-4ed5-b113-67f4d10ef4c8,knowledge,cross-sector,scientific research methodology,"research methodology
methods of research
scientific methods
process of scientific research
theoretical methodology in scientific research",,released,2024-02-09T17:29:14.494Z,,,"http://data.europa.eu/esco/concept-scheme/skills,
http://data.europa.eu/esco/concept-scheme/member-skills","The theoretical methodology used in scientific research involving doing background research, constructing an hypothesis, testing it, analysing data and concluding the results."
http://data.europa.eu/esco/skill/edf6ed6b-bc24-4211-ae0f-6b5cb9de4437,skill/competence,sector-specific,select livestock,"selecting livestock
sorting livestock
livestock sorting
livestock selecting
sort livestock",,released,2024-02-09T17:29:09.009Z,,,"http://data.europa.eu/esco/concept-scheme/skills,
http://data.europa.eu/esco/concept-scheme/member-skills","Tag, sort and separate animals by purpose and destination taking into account the condition of the animal and relevant legislation."
http://data.europa.eu/esco/skill/ee95757e-6d1e-47b6-b9e0-b16512dc25a9,skill/competence,sector-specific,blend beverages,"the blend of beverages
blend of beverages
brew beverages
fuse beverages
mix beverages
meld beverages
beverages blend",,released,2024-02-09T17:29:14.494Z,"Combine liquids to produce spirits and liquors and know which ingredients to combine for the preparation of blended spirits like blended whisky, for example.",,"http://data.europa.eu/esco/concept-scheme/skills,
http://data.europa.eu/esco/concept-scheme/member-skills","Create new beverage products that are attractive to the market, interesting to companies, and innovative in the market."
http://data.europa.eu/esco/skill/ef2e6fd3-7ae4-478b-b9c8-28c689955277,skill/competence,occupation-specific,assess the care requirements of bovine feet,"assessing the care requirements of bovine feet
determining the care requirements of bovine feet
determining bovine feet care requirements
assessing bovine feet care requirements
determine the care requirements of bovine feet
bovine feet care requirements assessing
care requirements of bovine feet determining
determine bovine feet care requirements
assess bovine feet care requirements
care requirements of bovine feet assessing
bovine feet care requirements determining",,released,2024-02-09T17:29:13.7Z,,,"http://data.europa.eu/esco/concept-scheme/skills,
http://data.europa.eu/esco/concept-scheme/member-skills","Inspect the foot and hoof for signs of injury, wear, or damage. Decide how to care for the health and wellbeing of the bovine."
http://data.europa.eu/esco/skill/efa141df-f382-418f-9121-bd88fd735669,knowledge,cross-sector,mechanics,"mechanical theory
engineering mechanics
theory of mechanics
fabrication mechanics
production mechanics
mechanics theory",,released,2024-02-09T17:29:16.725Z,,,"http://data.europa.eu/esco/concept-scheme/skills,
http://data.europa.eu/esco/concept-scheme/member-skills",Theoretical and practical applications of the science studying the action of displacements and forces on physical bodies to the development of machinery and mechanical devices.
http://data.europa.eu/esco/skill/f022949a-39bf-4f54-978e-3d5fa8dd19d9,knowledge,sector-specific,animal behaviour,"animal comportment
behavioural pattern of an animal
animal attitude
animal attitudes
behavioural patterns of animals",,released,2024-02-09T17:29:14.494Z,,,"http://data.europa.eu/esco/concept-scheme/skills,
http://data.europa.eu/esco/concept-scheme/member-skills","The natural behavioural patterns of animals, i.e. how normal and abnormal behaviour might be expressed according to species, environment, human-animal interaction and occupation."
http://data.europa.eu/esco/skill/f1e1057f-c441-4e76-9721-786821cf5ef6,skill/competence,occupation-specific,make decisions regarding livestock management,"making decisions regarding livestock management
making livestock management judgements
livestock management decision making
livestock management judgement making
make livestock management judgements
make judgements regarding livestock management
make livestock management decisions
making judgements regarding livestock management
making livestock management decisions",,released,2024-02-09T17:29:12.952Z,,,"http://data.europa.eu/esco/concept-scheme/skills,
http://data.europa.eu/esco/concept-scheme/member-skills",Decide on various aspects in providing technical support for livestock management. Gather information on work practices regarding the breeding and productivity of livestock.
http://data.europa.eu/esco/skill/f2536b0a-068b-48ed-910f-231bfa0ec032,skill/competence,sector-specific,exert quality control to processing food,"exert quality oversight to processing food
exert quality control to food processing
exert quality control to systems food
exert quality management to processing food
exert quality supervision to processing food
exerting quality control to processing food",,released,2024-02-09T17:29:11.47Z,,,"http://data.europa.eu/esco/concept-scheme/skills,
http://data.europa.eu/esco/concept-scheme/member-skills",Ensure the quality of all factors involved in a food production process.
http://data.europa.eu/esco/skill/f2bf8eae-5b91-47ba-93d3-557af74e23eb,skill/competence,sector-specific,evaluate vineyard problems,"assessing problems in vineyard
vineyard problem evaluating
evaluating problems in vineyard
evaluate problems in vineyard
assess problems in vineyard
evaluating vineyard problems
vineyard problem assessing
assessing vineyard problems
assess vineyard problems
vineyard problems assessing
vineyard problems evaluating",,released,2024-02-09T17:29:15.235Z,,,"http://data.europa.eu/esco/concept-scheme/skills,
http://data.europa.eu/esco/concept-scheme/member-skills","Detect and assess vineyard problems. Recommendations effective, timely and economic solutions to deliver fruit of a high quality."
http://data.europa.eu/esco/skill/f2f463e5-2382-49cb-8199-e7e043d868df,knowledge,cross-sector,health and safety regulations,"coverage of health and safety standards
range of health and safety regulations
range of health and safety standards
application of health and safety standards
coverage of health and safety regulations
application of health and safety regulations
scope of health and safety standards
scope of health and safety regulations",,released,2025-07-25T11:15:00.857Z,,,"http://data.europa.eu/esco/concept-scheme/skills,
http://data.europa.eu/esco/concept-scheme/member-skills","Necessary health, safety, hygiene and environmental standards and legislation rules in the sector of particular activity."
http://data.europa.eu/esco/skill/f313b675-d15b-4ed9-94ac-7ad3f83649eb,skill/competence,sector-specific,conduct shearing of wool,"shearing goats
sheep shearing
coordinate shearing
organise shearing
shearing sheep
shear wool
shear sheep
goat shearing
shearing of wool
wool shearing",,released,2024-01-30T16:22:46.946Z,,,"http://data.europa.eu/esco/concept-scheme/skills,
http://data.europa.eu/esco/concept-scheme/member-skills",Carry out sheep or goat wool shearing and initial processing and packaging as appropriate. Work with the shearers to reach standards described in the farm policy manual.
http://data.europa.eu/esco/skill/f36dff27-a70e-4c23-b2de-e2dffe84adbf,knowledge,sector-specific,plant propagation,"techniques of plant growing
methods of plant growing
growing of plants
propagation of plants
criteria used in plant propagation
criteria used in plant growing
techniques of plant propagation
methods of plant propagation",,released,2024-02-09T17:29:17.515Z,,,"http://data.europa.eu/esco/concept-scheme/skills,
http://data.europa.eu/esco/concept-scheme/green,
http://data.europa.eu/esco/concept-scheme/member-skills","Types of different propagation methods, materials and seeds and their criteria for health and quality."
http://data.europa.eu/esco/skill/f3805809-9882-4bc5-bce1-b44040758b64,skill/competence,cross-sector,climb trees,"climbing trees safely
climb trees safely
descend trees
ascending trees
ascending and descending trees
climbing trees
descending trees
ascend trees
ascend and descend trees
tree climbing",,released,2024-02-09T17:29:15.968Z,,,"http://data.europa.eu/esco/concept-scheme/skills,
http://data.europa.eu/esco/concept-scheme/member-skills",Ascend and descend from trees in a safely manner.
http://data.europa.eu/esco/skill/f3cc52e3-a96c-4549-b841-6e41a846fa99,skill/competence,cross-sector,report on environmental issues,"reporting on environmental issues
publish environmental reports
publishing environmental reports
environmental reports compiling
compile environmental reports
reporting on issues in the environment
environmental issues reporting
environmental reports publishing
compiling environmental reports
report on issues in the environment",,released,2024-02-09T17:29:12.215Z,,,"http://data.europa.eu/esco/concept-scheme/skills,
http://data.europa.eu/esco/concept-scheme/green,
http://data.europa.eu/esco/concept-scheme/member-skills","Compile environmental reports and communicate on issues. Inform the public or any interested parties in a given context on relevant recent developments in the environment, forecasts on the future of the environment, and any problems and possible solutions."
http://data.europa.eu/esco/skill/f49df8e2-f451-49aa-9aa9-b21b2afdbb87,knowledge,cross-sector,biosecurity,"avoiding bio-security incidents
techniques of bio-security
prevention of bio-security incidents
methods of bio-security
concept of bio-security
prevention of bio-security breaches
principles of bio-security
avoiding bio-security breaches",,released,2024-02-09T17:29:09.009Z,,,"http://data.europa.eu/esco/concept-scheme/skills,
http://data.europa.eu/esco/concept-scheme/member-skills","Be aware of the general principles of the concept of bio-security and in particular, the disease prevention rules to be implemented in case of epidemics endangering public health."
http://data.europa.eu/esco/skill/f4b4accf-11b2-45bc-b47d-95f7cf9c569c,skill/competence,sector-specific,operate turf management equipment,"use equipment for turf management
turf management equipment using
operate equipment for turf management
operating turf management equipment
turf management equipment operating
use turf management equipment
using turf management equipment",,released,2024-02-09T17:29:10.678Z,,,"http://data.europa.eu/esco/concept-scheme/skills,
http://data.europa.eu/esco/concept-scheme/member-skills","Operate turf management equipment like hedge cutters, mowers and strimmers."
http://data.europa.eu/esco/skill/f54c10e4-630d-4e50-95e9-4e9e268e8f12,skill/competence,cross-sector,approve engineering design,"develop engineering design
model engineering design
approve an engineering design
arrange engineering design
produce engineering design
approve engineering designs
approving an engineering design",,released,2024-02-09T17:29:16.725Z,,,"http://data.europa.eu/esco/concept-scheme/skills,
http://data.europa.eu/esco/concept-scheme/member-skills",Give consent to the finished engineering design to go over to the actual manufacturing and assembly of the product.
http://data.europa.eu/esco/skill/f675d28f-9e1f-4938-ae49-c1d07f902fed,skill/competence,sector-specific,store products,"storing products
keeping stock
keep stock hygienically
storing products hygienically
keeping stock hygienically
store products hygienically
product storing
keep stock
products storing",,released,2024-02-09T17:29:13.7Z,,,"http://data.europa.eu/esco/concept-scheme/skills,
http://data.europa.eu/esco/concept-scheme/member-skills","Keep products in a safe place in order to maintain their quality. Ensure the stock facilities meet hygiene standards, regulating temperature, heating and air conditioning of storage facilities."
http://data.europa.eu/esco/skill/f6e8d946-bc14-4449-aba5-a0ca7f28985f,knowledge,occupation-specific,table grapes manipulation,"practices of table grape growing
techniques for table grapes manipulation
methods of table grapes manipulation
practices of table grapes manipulation
table grape growing
methods of table grape growing
techniques of table grape growing
manipulation of table grapes",,released,2023-02-20T20:11:07.835Z,,,"http://data.europa.eu/esco/concept-scheme/skills,
http://data.europa.eu/esco/concept-scheme/member-skills","The growing practices for both new and existing table grape cultivars; trellis design, canopy and fruit management, vine physiology including light and carbohydrate issues, growth regulators and girdling, vine capacity and crop load determinations."
http://data.europa.eu/esco/skill/f715be1d-5fc4-49d3-82a5-0b8090d12849,skill/competence,cross-sector,synthesise information,"synthesise complex information
summarise information
interpret complex information
critically summarise information
write synthesis essays",,released,2024-02-29T15:53:23.476Z,,,"http://data.europa.eu/esco/concept-scheme/skills,
http://data.europa.eu/esco/concept-scheme/member-skills,
http://data.europa.eu/esco/concept-scheme/research","Critically read, interpret, and summarise new and complex information from diverse sources."
http://data.europa.eu/esco/skill/f7b071bf-4882-4cfc-ae0a-7e0e0ab94c61,skill/competence,cross-sector,conduct research across disciplines,"work across disciplines
work across functional boundaries
conduct interdisciplinary research
use research findings across disciplines
use research findings across functional boundaries",,released,2024-02-26T08:09:43.582Z,,,"http://data.europa.eu/esco/concept-scheme/skills,
http://data.europa.eu/esco/concept-scheme/member-skills,
http://data.europa.eu/esco/concept-scheme/research",Work and use research findings and data across disciplinary and/or functional boundaries.
http://data.europa.eu/esco/skill/f842b607-730e-4a01-b27d-12e3e4535975,skill/competence,sector-specific,administer treatment to animals,"treat animals
provide animal treatments
carry out treatment of animals
perform animal treatments
carry out animal treatments
provide treatment to animals
administer animal treatments
use appropriate treatments for animals
oversee the treatment of animals
deliver treatment to animals
deliver animal treatments",,released,2024-02-09T17:29:17.515Z,,,"http://data.europa.eu/esco/concept-scheme/skills,
http://data.europa.eu/esco/concept-scheme/member-skills","Administer animal medical interventions, including the treatments performed, medicines used, and assessments of the state of health.'."
http://data.europa.eu/esco/skill/f8460277-3c9a-4be4-b203-600a2a295f47,knowledge,sector-specific,plant disease control,"science of plant disease control
typology plant disease
field of plant disease
methods of plant disease control
disease control in plants
techniques for plant disease control
types of plant disease
science of plant disease
features of plant disease control
field of plant disease control
diseases in plants
features of plant disease",,released,2024-02-09T17:29:12.215Z,,,"http://data.europa.eu/esco/concept-scheme/skills,
http://data.europa.eu/esco/concept-scheme/green,
http://data.europa.eu/esco/concept-scheme/member-skills","Types and features of diseases in plants and crops. Different kinds control methods, activities using conventional or biological methods taking into account the type of plant or crop, environmental and climate conditions and health and safety regulations. Storage and handling of products."
http://data.europa.eu/esco/skill/fa642fc3-5cc5-41cf-8926-6617a8b976a7,skill/competence,cross-sector,promote the participation of citizens in scientific and research activities,"encourage civic engagement in research
engage public in research
engage citizens in scientific and research activities
foster public involvement in scientific research
promote citizens participation in research",,released,2024-02-29T16:10:45.52Z,,,"http://data.europa.eu/esco/concept-scheme/skills,
http://data.europa.eu/esco/concept-scheme/member-skills,
http://data.europa.eu/esco/concept-scheme/research","Engage citizens in scientific and research activities and promote their contribution in terms of knowledge, time or resources invested."
http://data.europa.eu/esco/skill/fb7b6c08-4952-4017-9f67-d23445d5882d,knowledge,sector-specific,variety of grapes,"grape varieties
variety of grape
categories of grapes
varieties of grapes
strains of grapes
types of grapes",,released,2024-02-09T17:29:15.968Z,,,"http://data.europa.eu/esco/concept-scheme/skills,
http://data.europa.eu/esco/concept-scheme/member-skills",Varieties of grapes and the types of wine that can be produced with them. Specifications during fermentation and the treatment of the juice during the process.
http://data.europa.eu/esco/skill/fbc604e2-2574-4f2d-a8aa-0a9f9a89c635,skill/competence,sector-specific,handle poultry,"catch poultry on a farm
poultry catching on a farm
catching farm poultry
handle poultry on a farm
poultry handling on a farm
catch poultry for examination
poultry catching
gather poultry for examination
gather poultry for movement
catch poultry for gathering
catch poultry for movement
catch poultry
gather poultry
catch poultry for handling
handling poultry
handling fowls with care
handle fowls with care
handle poultry with care
poultry handling
handling poultry with care
fowls handling
handling fowls",,released,2025-02-27T12:45:08.961Z,,,"http://data.europa.eu/esco/concept-scheme/skills,
http://data.europa.eu/esco/concept-scheme/member-skills",Handle poultry in compliance with animal welfare. Catch the poultry for examination or movement. Ensure safety of animals during loading for transport.
http://data.europa.eu/esco/skill/fc9ebe74-22e8-49c9-8402-59afdabd3321,knowledge,sector-specific,ingredients for beer production,"ingredients for beer formulation
ingredients for beer producing
ingredients for beer making
ingredients for the production of beer
beer production ingredients
ingredients for beer preparation
ingredients for beer manufacture",,released,2024-02-09T17:29:15.235Z,,,"http://data.europa.eu/esco/concept-scheme/skills,
http://data.europa.eu/esco/concept-scheme/member-skills","Basic ingredients of beer, which consist of water, a starch source such as malted barley, brewer's yeast to produce the fermentation and a flavouring such as hops."
http://data.europa.eu/esco/skill/fdc388ba-c8f4-4455-a55f-ffdf29b05f5f,skill/competence,sector-specific,use agricultural information systems and databases,"operating agricultural databases
use agricultural information systems
operate agricultural databases
operate agricultural information systems and databases
use agricultural databases
operate agricultural information systems
operating agricultural information systems
operating agricultural information systems and databases
using agricultural databases
using agricultural information systems
using agricultural information systems and databases",,released,2024-02-09T17:29:16.725Z,"Information systems and databases may include lists of plants, seeds, fertilizers, pesticides, livestock etc., but also monitoring systems for farm facilities, greenhouses etc. and keeping account of products quality, quantity etc.",,"http://data.europa.eu/esco/concept-scheme/skills,
http://data.europa.eu/esco/concept-scheme/member-skills,
http://data.europa.eu/esco/concept-scheme/6c930acd-c104-4ece-acf7-f44fd7333036","Use relevant information systems and databases to plan, manage and operate agricultural enterprise and production."
http://data.europa.eu/esco/skill/fe39d4db-4cb5-4299-bb9f-896c8fd6ab13,skill/competence,cross-sector,perform market research,"complete market research
performing market research
implement market research
market research performance
undertake market research",,released,2024-02-09T17:29:12.215Z,,,"http://data.europa.eu/esco/concept-scheme/skills,
http://data.europa.eu/esco/concept-scheme/member-skills","Gather, assess and represent data about target market and customers in order to facilitate strategic development and feasibility studies. Identify market trends."
http://data.europa.eu/esco/skill/fe82195e-af26-4156-b554-c724b28fb2fb,knowledge,sector-specific,pruning types,"pruning typology
types of basic pruning
basic pruning
ways of basic pruning
typology of basic pruning
techniques for basic pruning
basic pruning typology
types of pruning
methods for basic pruning
typology of pruning",,released,2024-02-09T17:29:16.725Z,,,"http://data.europa.eu/esco/concept-scheme/skills,
http://data.europa.eu/esco/concept-scheme/member-skills","Different approached to pruning trees, such as thinning, removal, etc."
http://data.europa.eu/esco/skill/ff64e9fc-36dd-4035-872a-83aa41dc1ad9,skill/competence,cross-sector,communicate with a non-scientific audience,"engage in public awareness of research
communicate scientific results to the public
support public understanding of science findings
communicate publicly about scientific findings",,released,2021-04-09T07:47:30.899Z,,,"http://data.europa.eu/esco/concept-scheme/skills,
http://data.europa.eu/esco/concept-scheme/member-skills,
http://data.europa.eu/esco/concept-scheme/research","Communicate about scientific findings to a non-scientific audience, including the general public. Tailor the communication of scientific concepts, debates, findings to the audience, using a variety of methods for different target groups, including visual presentations."
